/*
SQLyog Enterprise v12.09 (64 bit)
MySQL - 10.1.19-MariaDB : Database - GQuestionnaireDB
*********************************************************************
*/

/*!40101 SET NAMES utf8 */;

/*!40101 SET SQL_MODE=''*/;

/*!40014 SET @OLD_UNIQUE_CHECKS=@@UNIQUE_CHECKS, UNIQUE_CHECKS=0 */;
/*!40014 SET @OLD_FOREIGN_KEY_CHECKS=@@FOREIGN_KEY_CHECKS, FOREIGN_KEY_CHECKS=0 */;
/*!40101 SET @OLD_SQL_MODE=@@SQL_MODE, SQL_MODE='NO_AUTO_VALUE_ON_ZERO' */;
/*!40111 SET @OLD_SQL_NOTES=@@SQL_NOTES, SQL_NOTES=0 */;
CREATE DATABASE /*!32312 IF NOT EXISTS*/`GQuestionnaireDB` /*!40100 DEFAULT CHARACTER SET utf8 */;

USE `GQuestionnaireDB`;

/*Table structure for table `music` */

DROP TABLE IF EXISTS `music`;

CREATE TABLE `music` (
  `uid` varchar(36) NOT NULL COMMENT 'uid',
  `name` varchar(100) DEFAULT NULL COMMENT '歌曲的名称',
  `url` varchar(100) NOT NULL COMMENT '歌曲路径',
  `temp` tinyint(1) NOT NULL COMMENT '判断本地歌曲，还是网络歌曲  0 表示本地   1 表示网络',
  `order` int(11) NOT NULL DEFAULT '0' COMMENT '显示顺序，数字越大越靠前,值相同，则按照时间倒排序显示',
  `status` tinyint(1) unsigned NOT NULL DEFAULT '1' COMMENT '状态',
  `adminuid` varchar(36) DEFAULT NULL COMMENT '操作人uid',
  `createtime` timestamp NOT NULL DEFAULT '0000-00-00 00:00:00' COMMENT '创建时间',
  PRIMARY KEY (`uid`),
  UNIQUE KEY `uid` (`uid`)
) ENGINE=InnoDB DEFAULT CHARSET=utf8 COMMENT='背景音乐表';

/*Data for the table `music` */

insert  into `music`(`uid`,`name`,`url`,`temp`,`order`,`status`,`adminuid`,`createtime`) values ('08501a555b574e5b83f7288c02da86a2','Try everything','/file/question/music/170815183155766.mp3',0,5,1,'558cb841fb214bd8a86b29438dc57596','2017-08-15 18:31:57'),('1538f7018fbe4b8b9d5ca3898ae6fc19','许嵩 - 想象之中.mp3','/file/question/music/170814145718520.mp3',0,3,1,'ii683b04795f48d0a70b1f9004c1foii','2017-08-14 14:57:21'),('27d3adbe91384615b14b6eb7964ef6d3','风吹麦浪','/file/question/music/170810183536342.mp3',0,2,1,'ii683b04795f48d0a70b1f9004c1foii','2017-08-10 18:35:37'),('5ed6965c44be46fa9c52b2623bdf4685','The show','/file/question/music/170815182552807.mp3',0,4,1,'558cb841fb214bd8a86b29438dc57596','2017-08-15 18:25:56'),('cde67ec603d743b1b0ab88c0efe00efb','张磊 - 南山南 (Live).mp3','/file/question/music/170814145703078.mp3',0,1,1,'ii683b04795f48d0a70b1f9004c1foii','2017-08-14 14:57:03'),('f3d02e3d39ed46a8bd64971907ff5a18','99','/file/question/music/170810184104789.mp3',0,66,0,'ii683b04795f48d0a70b1f9004c1foii','2017-08-10 18:41:05');

/*Table structure for table `question` */

DROP TABLE IF EXISTS `question`;

CREATE TABLE `question` (
  `uid` varchar(36) NOT NULL COMMENT '唯一uid',
  `type` tinyint(1) NOT NULL COMMENT '题目类型(一票否决|创业加分)',
  `name` varchar(1000) NOT NULL COMMENT '题目',
  `options` text COMMENT '选项及选项内容，以json的方式记录{"A":"",...}',
  `optionscore` varchar(1000) NOT NULL COMMENT '选项及选项得分，以json的方式记录{"A":5,...}',
  `order` int(11) NOT NULL DEFAULT '0' COMMENT '显示顺序，数字越大越靠前,值相同，则按照时间倒排序显示',
  `adminuid` varchar(36) DEFAULT NULL COMMENT '操作人uid',
  `status` tinyint(1) unsigned NOT NULL DEFAULT '1' COMMENT '状态(1:当前显示状态,13:旧的状态,2:删除状态)',
  `createtime` timestamp NOT NULL DEFAULT '0000-00-00 00:00:00' COMMENT '开户时间',
  `updatetime` timestamp NOT NULL DEFAULT CURRENT_TIMESTAMP ON UPDATE CURRENT_TIMESTAMP COMMENT '最后更新时间',
  `img` varchar(100) DEFAULT NULL,
  PRIMARY KEY (`uid`),
  UNIQUE KEY `uid` (`uid`)
) ENGINE=InnoDB DEFAULT CHARSET=utf8 COMMENT='题库';

/*Data for the table `question` */

insert  into `question`(`uid`,`type`,`name`,`options`,`optionscore`,`order`,`adminuid`,`status`,`createtime`,`updatetime`,`img`) values ('0722602541a54a988da533ba07ee9384',1,'对于那些对你的事业和家庭有重大影响的事，你需要有多大把握才会采取行动','{\"\":{\"A\":\"100%\",\"B\":\"80%-90%\",\"C\":\"60%-70%\",\"D\":\" 40%-50%\",\"E\":\" 20%-30%\",\"F\":\"10%-20%\",\"G\":\"0\"}}','{\"\":{\"A\":1,\"B\":5,\"C\":7,\"D\":10,\"E\":8,\"F\":5,\"G\":1}}',13,'558cb841fb214bd8a86b29438dc57596',1,'2017-07-28 10:24:20','2017-08-09 05:47:15','/imgs/webdata/question/170809134707036.jpg'),('18ada0ed3f454f58900c3db921d831d6',1,'对于每天出现的新变化，你总是','{\"\":{\"A\":\"第一时间就能发现\",\"B\":\"较晚时间才能发现\",\"C\":\"需要别人提醒或告知时才能发现\"}}','{\"\":{\"A\":10,\"B\":6,\"C\":1}}',7,'558cb841fb214bd8a86b29438dc57596',1,'2017-07-28 10:03:52','2017-08-09 05:45:10','/imgs/webdata/question/170809134503032.jpg'),('1b3d83de918b4f68a507a0d0ae03f0c1',1,'赚钱对你有多重要','{\"\":{\"A\":\"为了赚钱，我可以舍弃娱乐和休息\",\"B\":\"为了赚钱，我可以舍弃自尊\",\"C\":\"为了赚钱，我可以舍弃家庭\",\"D\":\"为了赚钱，我可以舍弃友情\",\"E\":\"为了赚钱，我可以舍弃爱情\",\"F\":\"为了赚钱，上面几项我都可以舍弃\",\"G\":\"我不会为了赚钱舍弃上面任何一项\"}}','{\"\":{\"A\":3,\"B\":9,\"C\":8,\"D\":5,\"E\":4,\"F\":10,\"G\":1}}',15,'558cb841fb214bd8a86b29438dc57596',1,'2017-07-28 10:25:35','2017-08-09 05:47:53','/imgs/webdata/question/170809134744934.jpg'),('1e0e743a4a9f4974a58f254c354fc4bc',1,'少年时期，哪项描述与你更贴切','{\"0\":{\"A\":\"我总是带领别的男孩子们玩\",\"B\":\"我总是跟随别的男孩子们玩\",\"C\":\"我总是带领女孩子们玩\",\"D\":\"我总是跟随女孩子们玩\",\"E\":\"我总是带领一群男孩、女孩们一起玩\",\"F\":\"我总是跟随一群男孩、女孩们一起玩\",\"G\":\"我喜欢自己玩\"},\"1\":{\"A\":\"我总是带领别的女孩子们玩\",\"B\":\"我总是跟随别的女孩子们玩\",\"C\":\"我总是带领男孩子们玩\",\"D\":\"我总是跟随男孩子们玩\",\"E\":\"我总是带领一群男孩、女孩们玩\",\"F\":\"我总是跟随一群男孩、女孩们玩\",\"G\":\"我喜欢自己玩\"}}','{\"0\":{\"A\":9,\"B\":5,\"C\":7,\"D\":1,\"E\":10,\"F\":6,\"G\":5},\"1\":{\"A\":8,\"B\":2,\"C\":9,\"D\":5,\"E\":10,\"F\":6,\"G\":5}}',9,'558cb841fb214bd8a86b29438dc57596',0,'2017-07-28 10:11:39','2017-07-28 03:12:42',NULL),('20000000000000000000000000000001',0,'如果你一眼看中一款手机，价格相对昂贵但你能支付得起，这时你会','{\"\":{\"A\":\"立刻购买\", \"B\":\"货比三家之后再购买\", \"C\":\"隔两天再来看看，如果仍然有一眼看中的感觉，再购买\", \"D\":\"多征求几个人的意见，再做决定\", \"E\":\"会一直纠结，需要有人帮我下决心\", \"F\":\"等到降价再购买\", \"G\":\"放弃购买\"}}','{\"\":{\"A\":7, \"B\":10, \"C\":6, \"D\":3, \"E\":0, \"F\":5, \"G\":6}}',24,NULL,0,'2017-06-23 16:53:00','2017-07-28 05:41:09',NULL),('20000000000000000000000000000002',0,'你总会从父母、或者老师、或者朋友那里听到这样的批评','{\"\":{\"A\":\"你总是缺少常性，不喜欢花很长时间去做一件事情\", \"B\":\"你总是缺乏果敢，遇到困难就裹足不前\", \"C\":\"你总是缺少耐心，容易冲动和草率行事\", \"D\":\"你总是缺少紧迫感，经常把事情拖到最后一刻完成\", \"E\":\"你有某种强迫症，甚至一点瑕疵都不能容忍\", \"F\":\"你总是自以为是，而且偏执\"}}','{\"\":{\"A\":1, \"B\":0, \"C\":4, \"D\":6, \"E\":5, \"F\":10}}',6,NULL,0,'2017-06-23 16:53:17','2017-07-28 03:00:46',NULL),('20000000000000000000000000000003',0,'如果你是一名在大学学过数学的学生，学习过程中老师布置了一道数学难题，没有参考答案，为了解出答案你已经花了1个多小时时间，但还是毫无头绪，此时你会','{\"\":{\"A\":\"果断放弃\", \"B\":\"自己再研究几天，如果仍然解不开答案，只好放弃\", \"C\":\"一直研究，不论多久，直到解出答案为止\", \"D\":\"找人请教和讨论，如果仍然得不到答案，再放弃\", \"E\":\"自己研究几天得不到答案，再去请教别人，直到得到答案\", \"F\":\"不确定，大学期间没有学过数学\"}}','{\"\":{\"A\":0, \"B\":4, \"C\":10, \"D\":6, \"E\":8, \"F\":6}}',19,NULL,0,'2017-06-23 16:53:28','2017-07-28 03:26:37',NULL),('20000000000000000000000000000004',0,'对于下定决心的事，你总是','{\"\":{\"A\":\"即使周围人都反对，我也会坚持去做，并且坚持到底\", \"B\":\"我会想方设法争取支持，但如果最后支持的人还是寥寥无几，我仍然会全力坚持去做\", \"C\":\"如果反对人数较多就算了\", \"D\":\"如果家人反对我就放弃\", \"E\":\"决定了就去做，我根本不会征求别人的意见\"}}','{\"\":{\"A\":8, \"B\":10, \"C\":3, \"D\":0, \"E\":5 }}',12,NULL,0,'2017-06-23 16:53:36','2017-07-28 03:21:09',NULL),('20000000000000000000000000000005',1,'下列人物中，你觉得自己更像谁','{\"0\":{\"A\":\"谨慎内敛的刘秀\", \"B\":\"足智多谋的诸葛亮\", \"C\":\"忠肝义胆的关羽\", \"D\":\"没心没肺的猪八戒\", \"E\":\"任劳任怨的沙僧\", \"F\":\"执着木讷的郭靖\", \"G\":\"至情至性的杨过\", \"H\":\"机灵讲义气的韦小宝\"}, \"1\":{\"A\":\"八面玲珑的王熙凤\", \"B\":\"圆滑世故的薛宝钗\", \"C\":\"多愁善感的林黛玉\", \"D\":\"杀伐决断的武则天\", \"E\":\"古灵精怪的黄蓉\", \"F\":\"善解人意的双儿\", \"G\":\"侠骨柔肠的郭襄\", \"H\":\"狠辣决绝的李莫愁\"}}','{\"0\":{\"A\":10, \"B\":7, \"C\":5, \"D\":1, \"E\":2, \"F\":5, \"G\":6, \"H\":6}, \"1\":{\"A\":7, \"B\":4, \"C\":3, \"D\":10, \"E\":7, \"F\":2, \"G\":5, \"H\":7}}',1,NULL,0,'2017-06-23 16:53:47','2017-07-28 02:36:59',NULL),('20000000000000000000000000000006',1,'你对自己最为骄傲的是','{\"\":{\"A\":\"颜值\", \"B\":\"气质\", \"C\":\"智商\", \"D\":\"情商\", \"E\":\"口才\", \"F\":\"胆量\", \"G\":\"酒量\", \"H\":\"激情\", \"I\":\"目前还没有什么可骄傲的\"}}','{\"\":{\"A\":3, \"B\":5, \"C\":7, \"D\":6, \"E\":9, \"F\":10, \"G\":6, \"H\":8, \"I\":1}}',5,NULL,0,'2017-06-23 16:53:55','2017-07-28 02:43:48',NULL),('20000000000000000000000000000007',1,'下列书籍或影视作品中，你完整看过3遍以上的题材类型贴近于','{\"\":{\"A\":\"《福尔摩斯》\", \"B\":\"《三国演义》\", \"C\":\"《射雕英雄传》\", \"D\":\"《鹿鼎记》\", \"E\":\"《乔家大院》\", \"F\":\"《三生三世十里桃花》\", \"G\":\"《爱情公寓》\", \"H\":\"《人民的名义》\", \"I\":\"《哈利波特》\", \"J\":\"《电锯惊魂》\", \"K\":\"《兄弟连》\"}}','{\"\":{\"A\":8, \"B\":10, \"C\":5, \"D\":7, \"E\":5, \"F\":1, \"G\":3, \"H\":5, \"I\":7, \"J\":4, \"K\":5}}',2,NULL,0,'2017-06-23 16:54:04','2017-07-28 02:39:08',NULL),('20000000000000000000000000000008',1,'工作之余，你花时间最多的是','{\"\":{\"A\":\"阅读\", \"B\":\"旅行\", \"C\":\"广泛社交\", \"D\":\"和好友吃喝玩乐\", \"E\":\"谈恋爱\", \"F\":\"购物\", \"G\":\"极限运动\", \"H\":\"养生\", \"I\":\"看电影或者看电视剧\", \"J\":\"看娱乐节目\", \"K\":\"从事第二职业\"}}','{\"\":{\"A\":8, \"B\":6, \"C\":10, \"D\":6, \"E\":5, \"F\":4, \"G\":7, \"H\":3, \"I\":2, \"J\":1, \"k\":7}}',4,NULL,0,'2017-06-23 16:54:12','2017-07-28 07:38:59',NULL),('20000000000000000000000000000009',1,'在人生道路上，更多时候你通过什么获得动力','{\"\":{\"A\":\"自己追求的目标\", \"B\":\"长辈的期望\", \"C\":\"他人的激励\", \"D\":\"竞争的压力\", \"E\":\"生活的压力\", \"F\":\"榜样的牵引\"}}','{\"\":{\"A\":10, \"B\":4, \"C\":6, \"D\":7, \"E\":1, \"F\":5}}',17,NULL,0,'2017-06-23 16:54:24','2017-07-28 03:24:26',NULL),('20000000000000000000000000000010',1,'在保证精神状态良好的情况下，你每天需要多少睡眠时间','{\"\":{\"A\":\"最多4个小时就够了\", \"B\":\"5-6个小时\", \"C\":\" 7-8个小时\", \"D\":\"9-10个小时\", \"E\":\"11个小时以上\"}}','{\"\":{\"A\":6, \"B\":10, \"C\":6, \"D\":4, \"E\":1}}',3,NULL,0,'2017-06-23 16:54:34','2017-07-28 02:39:48',NULL),('20000000000000000000000000000011',1,'对于做自己感兴趣的事情，你常常','{\"\":{\"A\":\"感到时间不知不觉就溜走了，经常忘记吃饭和睡觉\", \"B\":\"时间久了会感到疲惫，但我会坚持每天花同样多的时间在上面\", \"C\":\" 一开始会忘我的投入，但慢慢热情就减退了，花费时间也就越来越少\", \"D\":\"再怎么感兴趣，我都将保持我一贯的作息时间规律\", \"E\":\"至今为止我好像没什么事情是感兴趣的\"}}','{\"\":{\"A\":10, \"B\":8, \"C\":3, \"D\":5, \"E\":1}}',11,NULL,0,'2017-06-23 16:54:47','2017-07-28 03:18:35',NULL),('20000000000000000000000000000012',1,'你真正确立一个此生将为之奋斗的理想（并且确立以后真的在为之努力）是在什么时候','{\"\":{\"A\":\"10岁之前\", \"B\":\"上中学（包括初中和高中）的时候\", \"C\":\"上大学的时候\", \"D\":\"工作以后\", \"E\":\"现在还没有真正确立这样的理想\"}}','{\"\":{\"A\":10, \"B\":8, \"C\":6, \"D\":4, \"E\":1}}',8,NULL,0,'2017-06-23 16:54:55','2017-07-28 02:58:46',NULL),('20000000000000000000000000000013',1,'你对金钱的态度，更接近哪一种','{\"\":{\"A\":\"做一个像比尔・盖茨那样的超级富豪，是我毕生的追求\", \"B\":\"我喜欢各种奢华的东西，我会尽可能地想办法拥有它们\", \"C\":\" 我享受赚钱的快感，但并不在乎自己是不是有钱人\", \"D\":\"我只希望付出能有等价的回报\", \"E\":\"我对金钱没有太多奢求，赚多就多花，赚少就少花\", \"F\":\"相比金钱，我更需要诗和远方\"}}','{\"\":{\"A\":10, \"B\":8, \"C\":5, \"D\":3, \"E\":3, \"F\":1}}',14,NULL,0,'2017-06-23 16:55:04','2017-07-28 03:22:59',NULL),('20000000000000000000000000000014',1,'赚钱对你有多重要','{\"\":{\"A\":\"为了赚钱，我可以舍弃娱乐和休息\", \"B\":\"为了赚钱，我可以舍弃自尊\", \"C\":\"为了赚钱，我可以舍弃家庭\", \"D\":\"为了赚钱，我可以舍弃友情\", \"E\":\"为了赚钱，我可以舍弃爱情\", \"F\":\"为了赚钱，上面几项我都可以舍弃\", \"G\":\"我不会为了赚钱舍弃上面任何一项\"}}','{\"\":{\"A\":3, \"B\":9, \"C\":8, \"D\":5, \"E\":4, \"F\":10, \"G\":1}}',15,NULL,0,'2017-06-23 16:55:13','2017-07-28 03:23:35',NULL),('20000000000000000000000000000015',1,'下列选项中，得到什么使你最有满足感','{\"\":{\"A\":\"实实在在的金钱\", \"B\":\"他人的崇拜和追棒\", \"C\":\"他人的赞赏和尊重\", \"D\":\"他人的帮助和照顾\", \"E\":\"帮助别人的那种心灵上的满足\", \"F\":\"驾驭别人的快感\", \"G\":\"在乎的人的真挚情感\"}}','{\"\":{\"A\":10, \"B\":8, \"C\":6, \"D\":3, \"E\":3, \"F\":7, \"G\":1}}',16,NULL,0,'2017-06-23 16:55:20','2017-07-28 03:24:09',NULL),('20000000000000000000000000000016',1,'在聚会上，如果只有你一个人穿的不正式，你会','{\"\":{\"A\":\"感到很不自在，想办法早点离开\", \"B\":\"感到有些窘迫，但庆幸自己不是主角，全程保持低调就好了\", \"C\":\"没关系，这对我的心情和行为将没有丝毫影响\", \"D\":\"我就喜欢与众不同，甚至有点兴奋能有这样的事情发生\", \"E\":\"一旦发现立即离开\"}}','{\"\":{\"A\":2, \"B\":3, \"C\":10, \"D\":8, \"E\":5}}',27,NULL,0,'2017-06-23 16:55:30','2017-07-28 05:43:53',NULL),('20000000000000000000000000000017',1,'如果因为你做了一件错事而有人当面批评你，当时你会','{\"\":{\"A\":\"反过来批评他\", \"B\":\"为自己辩解，没理也能辩三分\", \"C\":\"想办法回避起来\", \"D\":\" 耐心倾听，尤其对中肯的批评，然后给自己做个总结分析\", \"E\":\"听是听了，但是我基本左耳听右耳就冒了\", \"F\":\"表面我比较无所谓，但是心里很在意，甚至感到有一点难过\", \"G\":\"感到很不好意思，想找个地缝钻进去\"}}','{\"\":{\"A\":10, \"B\":6, \"C\":4, \"D\":7, \"E\":5, \"F\":3, \"G\":2}}',21,NULL,0,'2017-06-23 16:55:41','2017-07-28 05:38:54',NULL),('20000000000000000000000000000018',1,'对于每天出现的新变化，你总是','{\"\":{\"A\":\"第一时间就能发现\", \"B\":\"较晚时间才能发现\", \"C\":\"需要别人提醒或告知时才能发现\"}}','{\"\":{\"A\":10, \"B\":6, \"C\":1}}',7,NULL,0,'2017-06-23 16:56:02','2017-07-28 02:58:11',NULL),('20000000000000000000000000000019',1,'少年时期，哪项描述与你更贴切','{\"0\":{\"A\":\"我喜欢和男孩子们一起玩，我总是领头的那一个\", \"B\":\"我喜欢和男孩子们一起玩，我不是领头的那一个\", \"C\":\"我喜欢和女孩子们一起玩，我总是领头的那一个\", \"D\":\"我喜欢和女孩子们一起玩，我不是领头的那一个\", \"E\":\"我喜欢和男孩、女孩们一起玩，我不是领头的那一个\", \"F\":\"我喜欢自己玩\"}, \"1\":{\"A\":\"我喜欢和男孩子们一起玩，我总是领头的那一个\", \"B\":\"我喜欢和男孩子们一起玩，我不是领头的那一个\", \"C\":\"我喜欢和女孩子们一起玩，而且总是领头的那一个\", \"D\":\"我喜欢和女孩子们一起玩，我不是领头的那一个\", \"E\":\"我喜欢和男孩、女孩们一起玩，我不是领头的那一个\", \"F\":\"我喜欢自己玩\"}}','{\"0\":{\"A\":10, \"B\":5, \"C\":7, \"D\":1, \"E\":5, \"F\":5}, \"1\":{\"A\":10, \"B\":5, \"C\":8, \"D\":2, \"E\":5, \"F\":5}}',9,NULL,0,'2017-06-23 16:56:14','2017-07-28 03:04:58',NULL),('20000000000000000000000000000020',1,'下列对未来自己的描述，你认为最贴切的是','{\"\":{\"A\":\"我认为我能改变世界\", \"B\":\"我认为我能改变与我接触过的所有人\", \"C\":\"我认为我能改变与我长期相处的人，包括朋友和家人\", \"D\":\"我认为我能改变我最亲密的人\", \"E\":\"我认为我能改变我自己\", \"F\":\"我认为我谁都改变不了，包括我自己\"}}','{\"\":{\"A\":10, \"B\":8, \"C\":6, \"D\":4, \"E\":5, \"F\":0}}',10,NULL,0,'2017-06-23 16:56:22','2017-07-28 03:15:55',NULL),('20000000000000000000000000000021',1,'对待一件事情，当只有你与周围人想法不一致的时候，哪项描述与你最贴近','{\"\":{\"A\":\"我总是要想办法让他们欣然接受我的想法\", \"B\":\"我喜欢与他们展开辩论，“真理”往往越辩越明\", \"C\":\"我不在意，不可能要求所有人的想法都一样\", \"D\":\"为了“和谐”，表面上我会迁就他们的想法，但内心还是觉得自己是对的\", \"E\":\"会对自己的想法产生怀疑\", \"F\":\"我往往很快就会被大家说服\"}}','{\"\":{\"A\":10, \"B\":9, \"C\":6, \"D\":4, \"E\":2, \"F\":1}}',22,NULL,0,'2017-06-23 16:56:33','2017-07-28 05:39:52',NULL),('20000000000000000000000000000022',1,'遇到能力比你强的人，你内心的真实感受是','{\"\":{\"A\":\"我一定要让他为我所用\", \"B\":\"取长补短，希望能够和他成为黄金搭档\", \"C\":\"羡慕嫉妒恨，和这样的人共事要格外小心\", \"D\":\"我得想办法压制他\", \"E\":\"最好你走你的阳关道，我走我的独木桥\", \"F\":\"能跟在这样的人后面，我将心悦诚服\"}}','{\"\":{\"A\":10, \"B\":8, \"C\":5, \"D\":4, \"E\":2, \"F\":1}}',23,NULL,0,'2017-06-23 16:56:41','2017-07-28 05:40:28',NULL),('20000000000000000000000000000023',1,'如果你和朋友一起去购物，你的朋友对看中的两件商品已经纠结了快半个小时，这时你通常会','{\"\":{\"A\":\"建议他把两件商品都买下来，甚至借钱给他把两件商品都买下来\", \"B\":\"劝他把你认为更适合他的那件商品买下来\", \"C\":\"给他对比分析一下两件商品的优缺点，但不给明确建议\", \"D\":\" 让他继续纠结着，自己先去别处逛逛，等他纠结完再回来\", \"E\":\"让他继续纠结，自己先回家\", \"F\":\"在旁边默默等待\", \"G\":\"让他自己抛硬币决定\"}}','{\"\":{\"A\":8, \"B\":10, \"C\":6, \"D\":4, \"E\":7, \"F\":1, \"G\":6}}',25,NULL,0,'2017-06-23 16:56:50','2017-07-28 05:41:55',NULL),('20000000000000000000000000000024',1,'假设你正与一位客户谈你的创业计划，你用一种方法去说服他，他不信你，你会','{\"\":{\"A\":\"不在乎，我只找信我的客户\", \"B\":\"试图换一个方法再去说服这位客户\", \"C\":\"找和这位客户关系好的人，让这个人去说服这位客户\", \"D\":\"找和这位客户有关的所有人，尽可能多的让这些人去影响这位客户\"}}','{\"\":{\"A\":10, \"B\":6, \"C\":5, \"D\":2}}',36,NULL,0,'2017-06-23 16:56:58','2017-07-28 05:50:48',NULL),('20000000000000000000000000000025',1,'假设创业过程中，你需要20万元人民币的启动资金，目前你已经有了10万，在无法向父母和亲属再去借的情况下，剩下的10万你能在一星期之内向朋友借齐或用别的办法筹集成功吗','{\"\":{\"A\":\"能\", \"B\":\"不能\", \"C\":\"不确定\"}}','{\"\":{\"A\":10, \"B\":0, \"C\":5}}',38,NULL,0,'2017-06-23 16:57:05','2017-07-28 05:51:41',NULL),('20000000000000000000000000000026',1,'关于减肥，哪项描述与你更相近','{\"\":{\"A\":\"我愿意做一个快乐的胖子，从不减肥\", \"B\":\"我尝试过了各种减肥计划，但效果不佳\", \"C\":\"我总说要减肥，但就是管不住嘴、迈不开腿\", \"D\":\"我已经减肥成功\", \"E\":\"我一直都是个瘦子，不考虑减肥\"}}','{\"\":{\"A\":7, \"B\":5, \"C\":1, \"D\":10, \"E\":7}}',20,NULL,0,'2017-06-23 16:57:15','2017-07-28 03:27:20',NULL),('20000000000000000000000000000027',1,'以下工作状态，如果你必须选择一种，你倾向于','{\"\":{\"A\":\"没有假期，常常超负荷工作\", \"B\":\"长期出差，总是飞来飞去\", \"C\":\"人际关系复杂，整天勾心斗角\", \"D\":\"工作简单重复，枯燥乏味\", \"E\":\"时刻准备，专门应对紧急事件\", \"F\":\"陌生领域，需要面对各种未知问题和全新问题\"}}','{\"\":{\"A\":6, \"B\":8, \"C\":5, \"D\":2, \"E\":7, \"F\":10, \"G\":5}}',32,NULL,0,'2017-06-23 16:57:24','2017-07-28 05:48:19',NULL),('20000000000000000000000000000028',1,'假设在创业过程中，你的客户、或者你的合作伙伴、或者是你的家庭，让你遭受了巨大的心理压力，你会','{\"\":{\"A\":\"虽然感到很有压力，但对做事没有太大影响\", \"B\":\"感到很受伤，但是能够很快想通并从消极情绪中平复过来\", \"C\":\"想到此事就感到很痛苦，而且还会常常想到此事\", \"D\":\"正是考虑到可能会出现这样的巨大压力，所以我还没有想好是否创业\"}}','{\"\":{\"A\":10, \"B\":7, \"C\":1, \"D\":0}}',37,NULL,0,'2017-06-23 16:57:31','2017-07-28 05:51:22',NULL),('20000000000000000000000000000029',1,'平时的工作和生活中，哪项描述与你最贴近','{\"\":{\"A\":\"我经常尝试一些自己没做过的事情，做不好也没关系\", \"B\":\"我有时间就钻研自己较熟悉的事情，试图找到新方法把它做得更好\", \"C\":\"我喜欢做一些与众不同的事情，即使总被嘲笑\", \"D\":\"我可以不厌其烦地重复做一件简单的事情，这能让我消去浮躁\", \"E\":\"我总会花很多时间把事情做的很完美，我对有瑕疵的事物不能容忍\"}}','{\"\":{\"A\":10, \"B\":8, \"C\":8, \"D\":2, \"E\":5}}',31,NULL,0,'2017-06-23 16:57:38','2017-07-28 05:47:31',NULL),('20000000000000000000000000000030',1,'对于那些对你的事业和家庭有重大影响的事，你需要有多大把握才会采取行动','{\"\":{\"A\":\"100%\", \"B\":\"80%-90%\", \"C\":\"60%-70%\", \"D\":\" 40%-50%\", \"E\":\" 20%-30%\", \"F\":\"10%-20%\", \"G\":\"0\"}}','{\"\":{\"A\":1, \"B\":5, \"C\":7, \"D\":10, \"E\":8, \"F\":5, \"G\":1}}',13,NULL,0,'2017-06-23 16:57:47','2017-07-28 03:22:20',NULL),('20000000000000000000000000000031',1,'对于各类聚会活动，你的态度接近于','{\"\":{\"A\":\"多多参加，争取成为会王，混个脸熟，万一能认识哪位大咖呢\", \"B\":\"只选对自己可能有帮助的参加\", \"C\":\"创造条件也要参加对自己可能有帮助的聚会活动\", \"D\":\"只选自己有认识人的参加\", \"E\":\"只选自己没有认识人的参加\", \"F\":\"只选自己感兴趣的参加\", \"G\":\"参加一两次见过世面足矣，其他的就不参加了\", \"H\":\"一概不参加\"}}','{\"\":{\"A\":7, \"B\":10, \"C\":3, \"D\":5, \"E\":5, \"F\":5, \"G\":5, \"H\":1}}',26,NULL,0,'2017-06-23 16:57:54','2017-07-28 05:43:14',NULL),('20000000000000000000000000000032',1,'如果有好友邀请你去参加他/她的生日派对，但是任何一位来宾你都不认识，这时你会','{\"\":{\"A\":\"找个合适的理由拒绝参加，也不会送礼物\", \"B\":\"找个合适的理由拒绝参加，但是会邮寄一份礼物\", \"C\":\"愿意早去一会儿帮他/她筹备，等派对快开始的时候找理由离开\", \"D\":\"可能会晚去或者早走\", \"E\":\"按时参加，很乐意借此认识新朋友\", \"F\":\"一定会早去晚走，并且还会成为朋友生日派对的好帮手\"}}','{\"\":{\"A\":0, \"B\":3, \"C\":5, \"D\":6, \"E\":10, \"F\":8}}',28,NULL,0,'2017-06-23 16:58:05','2017-07-28 05:44:41',NULL),('20000000000000000000000000000033',1,'在社交过程中，你结交朋友的第一标准是什么','{\"\":{\"A\":\"看眼缘\", \"B\":\"看颜值是不是高\", \"C\":\"看品行是不是好\", \"D\":\"看是不是有钱或有权的人\", \"E\":\"看是不是有才华\", \"F\":\"看对我有没有用\", \"G\":\"看是否兴趣相投\", \"H\":\"看是否志同道合\", \"I\":\"看对我是不是主动\"}}','{\"\":{\"A\":6, \"B\":2, \"C\":6, \"D\":5, \"E\":5, \"F\":10, \"G\":4, \"H\":8, \"I\":1}}',29,NULL,0,'2017-06-23 16:58:13','2017-07-28 05:45:27',NULL),('20000000000000000000000000000034',1,'下列工作，你更喜欢的是','{\"\":{\"A\":\"分析并预测一件事情的可能进展\",\"B\":\"分析一件事情的深层原因\",\"C\":\"发现一件事情存在的缺陷和问题，让别人去干\",\"D\":\"消除一件事情存在的缺陷或问题\",\"E\":\"用语言去改变别人的行为和决策\",\"F\":\"完整构想一件别人没有想过的事情\",\"G\":\"按照设定的目标和思路实现完美执行\",\"H\":\"都不感兴趣\"}}','{\"\":{\"A\":6,\"B\":9,\"C\":7,\"D\":8,\"E\":10,\"F\":9,\"G\":3,\"H\":0}}',33,NULL,1,'2017-06-23 16:58:26','2017-08-09 05:53:53','/imgs/webdata/question/170809135344961.jpg'),('20000000000000000000000000000035',1,'工作过程中，一段时间内你通常','{\"\":{\"A\":\"能够同时应对好几件事，并且感到游刃有余\", \"B\":\"可以同时应对好几件事，但会有些手忙脚乱\", \"C\":\"最多可以同时应对三件事\", \"D\":\"最多可以同时应对两件事\", \"E\":\"只能专注于一件事情\"}}','{\"\":{\"A\":10, \"B\":7, \"C\":5, \"D\":3}}',34,NULL,0,'2017-06-23 16:58:35','2017-07-28 05:49:20',NULL),('20000000000000000000000000000036',1,'在工作中，你通常如何学习新知识','{\"\":{\"A\":\"自己有计划、有规律的看书学习\", \"B\":\"社交过程中从别人那里听取信息，自己适当加以整理\", \"C\":\"经常就感兴趣的问题和专业人士交流探讨\", \"D\":\"报名参加一些学习培训班\", \"E\":\"考证\", \"F\":\"平时不怎么学习，遇到不懂的临时百度一下\"}}','{\"\":{\"A\":7, \"B\":6, \"C\":10, \"D\":3, \"E\":2, \"F\":1}}',35,NULL,0,'2017-06-23 16:58:43','2017-07-28 05:49:53',NULL),('20000000000000000000000000000037',1,'你一贯的做事态度更接近于','{\"\":{\"A\":\"凡事不必太认真，做得成就做，做不成便罢\",\"B\":\"凡事都认真去做，做得成最好，做不成会不舒服\",\"C\":\"视事情的重要性而定，重要的就坚持，不重要的就随意\",\"D\":\"视自己的兴趣而定，想做的就坚持，不想做的就随意\",\"E\":\"视他人的要求而定，有要求的就坚持，没要求的就随意\",\"F\":\"视众人的态度而定，众人都坚持我也坚持，众人都随意我也随意\",\"G\":\"视利害关系而定，能让我得到好处的就坚持，得不到好处的就随意\"}}','{\"\":{\"A\":1,\"B\":10,\"C\":8,\"D\":6,\"E\":3,\"F\":2,\"G\":8}}',30,NULL,1,'2017-06-23 16:58:35','2017-08-09 05:52:56','/imgs/webdata/question/170809135248341.jpg'),('20000000000000000000000000000038',1,'下列说法，哪项描述与你更贴切','{\"\":{\"A\":\"我总是认为对方是善意的\", \"B\":\"我总能从一个人的言谈举止中观察出他/她的个性\", \"C\":\"我总能在与人交谈的过程中猜出对方没有直接说出的意图和想法\", \"D\":\"我总能较轻松地拆穿骗局或者谎言\", \"E\":\"我总能比别人更早的发现一些事物的运行规律\", \"F\":\"我更容易发现一篇长文中存在的错别字\", \"G\":\"我在做数学题时极少看错或者漏写正负号、字母、小数点等\", \"H\":\"我总能在打牌的时候猜对其他人会出什么牌\", \"I\":\"我在打牌的时候总猜不出其他人出什么牌\"}}','{\"\":{\"A\":1, \"B\":6, \"C\":7, \"D\":8, \"E\":10, \"F\":4, \"G\":5, \"H\":7, \"I\":3}}',18,NULL,0,'2017-06-23 16:58:35','2017-07-28 03:25:35',NULL),('241e20de719e4781ba252f37118b51c3',1,'关于减肥，哪项描述与你更相近','{\"\":{\"A\":\"我愿意做一个快乐的胖子，从不减肥\",\"B\":\"我尝试过各种减肥计划，但效果不佳\",\"C\":\"我总说要减肥，可就是管不住嘴、迈不开腿\",\"D\":\"我已经减肥成功\",\"E\":\"我一直都是个瘦子，不考虑减肥\"}}','{\"\":{\"A\":7,\"B\":5,\"C\":1,\"D\":10,\"E\":7}}',20,'558cb841fb214bd8a86b29438dc57596',1,'2017-07-28 10:29:20','2017-08-09 05:49:21','/imgs/webdata/question/170809134913665.jpg'),('2647f47beb684f9e9e89917d0539c37c',1,'假设创业过程中，你需要20万元人民币的启动资金，目前你已经有了10万，在无法向父母和亲属再去借的情况下，剩下的10万你能在一星期之内向朋友借齐或用别的办法筹集成功吗','{\"\":{\"A\":\"能\",\"B\":\"不能\",\"C\":\"不确定\"}}','{\"\":{\"A\":10,\"B\":0,\"C\":5}}',38,'558cb841fb214bd8a86b29438dc57596',1,'2017-07-28 12:53:41','2017-08-09 07:57:33','/imgs/webdata/question/170809155725114.jpg'),('496e9f58df2b4fe886babb7de0a96845',1,'你真正确立一个此生将为之奋斗的理想（并且确立以后真的在为之努力）是什么时候','{\"\":{\"A\":\"10岁之前\",\"B\":\"上中学（包括初中和高中）的时候\",\"C\":\"上大学的时候\",\"D\":\"工作以后\",\"E\":\"现在还没有真正确立这样的理想\"}}','{\"\":{\"A\":10,\"B\":8,\"C\":6,\"D\":4,\"E\":1}}',8,'558cb841fb214bd8a86b29438dc57596',1,'2017-07-28 10:04:02','2017-08-09 05:45:21','/imgs/webdata/question/170809134513862.jpg'),('4ddd5b7cd204449287d69f7f603658b1',1,'平时的工作和生活中，哪项描述与你最贴近','{\"\":{\"A\":\"我经常尝试一些自己没做过的事情，做不好也没关系\",\"B\":\"我有时间就钻研自己较熟悉的事情，试图找到新方法把它做得更好\",\"C\":\"我喜欢做一些与众不同的事情，即使总被嘲笑\",\"D\":\"我可以不厌其烦地重复做一件简单的事情，这能让我消去浮躁\",\"E\":\"我总会花很多时间把事情做的很完美，我对有瑕疵的事物不能容忍\"}}','{\"\":{\"A\":10,\"B\":8,\"C\":8,\"D\":2,\"E\":5}}',31,'558cb841fb214bd8a86b29438dc57596',1,'2017-07-28 12:49:31','2017-08-09 05:53:22','/imgs/webdata/question/170809135315079.jpg'),('5808dd17b29f427892f324450bc69c17',1,'下列选项中，得到什么使你最有满足感','{\"\":{\"A\":\"实实在在的金钱\",\"B\":\"他人的崇拜和追棒\",\"C\":\"他人的赞赏和尊重\",\"D\":\"他人的帮助和照顾\",\"E\":\"帮助别人的那种心灵上的满足\",\"F\":\"驾驭别人的快感\",\"G\":\"在乎的人的真挚情感\"}}','{\"\":{\"A\":10,\"B\":8,\"C\":6,\"D\":3,\"E\":3,\"F\":7,\"G\":1}}',16,'558cb841fb214bd8a86b29438dc57596',1,'2017-07-28 10:26:10','2017-08-17 10:22:30','/imgs/webdata/question/170817182210990.jpg'),('5a5d4685950242b8b40606b4f40c18f3',1,'对于每天出现的新变化，你总是','{\"\":{\"A\":\"第一时间就能发现\",\"B\":\"较晚时间才能发现\",\"C\":\"需要别人提醒或告知时才能发现\"}}','{\"\":{\"A\":10,\"B\":6,\"C\":1}}',7,'558cb841fb214bd8a86b29438dc57596',0,'2017-07-28 10:00:11','2017-07-28 03:01:52',NULL),('6553ee0ab71f45bdaf9588e3d66701b9',1,'工作过程中，一段时间内你通常','{\"\":{\"A\":\"能够同时应对好几件事，并且感到游刃有余\",\"B\":\"可以同时应对好几件事，但会有些手忙脚乱\",\"C\":\"最多可以同时应对三件事\",\"D\":\"最多可以同时应对两件事\",\"E\":\"只能专注于一件事情\"}}','{\"\":{\"A\":10,\"B\":7,\"C\":5,\"D\":3,\"E\":1}}',34,'558cb841fb214bd8a86b29438dc57596',1,'2017-07-28 12:51:20','2017-08-09 05:54:15','/imgs/webdata/question/170809135407486.jpg'),('68b8271ad2ae44718e8c31bff4513307',1,'下列人物中，你觉得自己更像谁','{\"0\":{\"A\":\"谨慎内敛的刘秀\",\"B\":\"足智多谋的诸葛亮\",\"C\":\"执着木讷的郭靖\",\"D\":\"没心没肺的猪八戒\",\"E\":\"机灵讲义气的韦小宝\",\"F\":\"忠肝义胆的关羽\",\"G\":\"至情至性的杨过\",\"H\":\"任劳任怨的沙僧\"},\"1\":{\"A\":\"杀伐决断的武则天\",\"B\":\"八面玲珑的王熙凤\",\"C\":\"古灵精怪的黄蓉\",\"D\":\"多愁善感的林黛玉\",\"E\":\"侠骨柔肠的郭襄\",\"F\":\"圆滑世故的薛宝钗\",\"G\":\"善解人意的双儿\",\"H\":\"狠辣决绝的李莫愁\"}}','{\"0\":{\"A\":10,\"B\":7,\"C\":5,\"D\":1,\"E\":6,\"F\":5,\"G\":6,\"H\":2},\"1\":{\"A\":10,\"B\":7,\"C\":7,\"D\":3,\"E\":5,\"F\":4,\"G\":2,\"H\":7}}',1,'558cb841fb214bd8a86b29438dc57596',1,'2017-07-28 09:40:31','2017-08-09 08:16:36','/imgs/webdata/question/170809161627959.jpg'),('6a7e9d6a58214726a3ab9966b881749d',1,'在人生道路上，更多时候你通过什么获得动力','{\"\":{\"A\":\"自己追求的目标\",\"B\":\"长辈的期望\",\"C\":\"他人的激励\",\"D\":\"竞争的压力\",\"E\":\"生活的压力\",\"F\":\"榜样的牵引\"}}','{\"\":{\"A\":10,\"B\":4,\"C\":6,\"D\":7,\"E\":1,\"F\":5}}',17,'558cb841fb214bd8a86b29438dc57596',1,'2017-07-28 10:26:26','2017-08-09 05:48:29','/imgs/webdata/question/170809134822007.jpg'),('74369e9a89a34b3e939f3e0799f315b7',1,'下列书籍或影视作品中，你完整看过2遍以上的题材类型贴近于','{\"\":{\"A\":\"《福尔摩斯》\",\"B\":\"《三国演义》\",\"C\":\"《射雕英雄传》\",\"D\":\"《鹿鼎记》\",\"E\":\"《乔家大院》\",\"F\":\"《三生三世十里桃花》\",\"G\":\"《爱情公寓》\",\"H\":\"《人民的名义》\",\"I\":\"《哈利波特》\",\"J\":\"《电锯惊魂》\",\"K\":\"《兄弟连》\"}}','{\"\":{\"A\":8,\"B\":10,\"C\":5,\"D\":7,\"E\":5,\"F\":1,\"G\":3,\"H\":5,\"I\":7,\"J\":4,\"K\":5}}',2,'ii683b04795f48d0a70b1f9004c1foii',1,'2017-07-28 15:20:29','2017-08-09 05:42:35','/imgs/webdata/question/170809134226578.jpg'),('7563cabf489544919b8cd95ac8e1ce05',1,'你真正确立一个此生将为之奋斗的理想（并且确立以后真的在为之努力）是什么时候','{\"\":{\"A\":\"10岁之前\",\"B\":\"上中学（包括初中和高中）的时候\",\"C\":\"上大学的时候\",\"D\":\"工作以后\",\"E\":\"现在还没有真正确立这样的理想\"}}','{\"\":{\"A\":10,\"B\":8,\"C\":6,\"D\":4,\"E\":1}}',8,'558cb841fb214bd8a86b29438dc57596',0,'2017-07-28 10:00:46','2017-07-28 03:02:01',NULL),('85bd5f8528be493a912b3b1c8aaffcc0',1,'在工作中，你通常如何学习新知识','{\"\":{\"A\":\"自己有计划、有规律的看书学习\",\"B\":\"社交过程中从别人那里听取信息，自己适当加以整理\",\"C\":\"经常就感兴趣的问题和专业人士交流探讨\",\"D\":\"报名参加一些学习培训班\",\"E\":\"考证\",\"F\":\"平时不怎么学习，遇到不懂的临时百度一下\"}}','{\"\":{\"A\":7,\"B\":6,\"C\":10,\"D\":3,\"E\":2,\"F\":1}}',35,'558cb841fb214bd8a86b29438dc57596',1,'2017-07-28 12:51:52','2017-08-09 05:54:31','/imgs/webdata/question/170809135423469.jpg'),('875acd195a7545d7b70494daa8055829',1,'对待一件事情，当只有你与周围人想法不一致的时候，哪项描述与你最贴近','{\"\":{\"A\":\"我总是要想办法让他们欣然接受我的想法\",\"B\":\"我喜欢与他们展开辩论，“真理”往往越辩越明\",\"C\":\"我不在意，不可能要求所有人的想法都一样\",\"D\":\"为了“和谐”，表面上我会迁就他们的想法，但内心还是觉得自己是对的\",\"E\":\"会对自己的想法产生怀疑\",\"F\":\"往往很快就会被大家说服\"}}','{\"\":{\"A\":10,\"B\":9,\"C\":6,\"D\":4,\"E\":2,\"F\":1}}',22,'558cb841fb214bd8a86b29438dc57596',1,'2017-07-28 12:41:52','2017-08-09 05:50:00','/imgs/webdata/question/170809134952324.jpg'),('89c99d91f3d64ab1bdec8afb93a0cd2e',1,'假设在创业过程中，你的客户、或者你的合作伙伴、或者是你的家庭，让你遭受了巨大的心理压力，你会','{\"\":{\"A\":\"虽然感到很有压力，但对做事没有太大影响\",\"B\":\"感到很受伤，但是能够很快想通并从消极情绪中平复过来\",\"C\":\"想到此事就感到很痛苦，而且还会常常想到此事\",\"D\":\"正是考虑到可能会出现这样的巨大压力，所以我还没有想好是否创业\"}}','{\"\":{\"A\":10,\"B\":7,\"C\":1,\"D\":0}}',37,'558cb841fb214bd8a86b29438dc57596',1,'2017-07-28 12:53:22','2017-08-09 05:55:00','/imgs/webdata/question/170809135453498.jpg'),('9161749e51bc4548948ee3ae245a70cd',1,'下列对自己未来的描述，你认为最贴切的是','{\"\":{\"A\":\"我能改变世界\",\"B\":\"我能改变与我接触过的所有人\",\"C\":\"我能改变与我长期相处的人，包括朋友和家人\",\"D\":\"我能改变我最亲密的人\",\"E\":\"我能改变我自己\",\"F\":\"我谁都改变不了，包括我自己\"}}','{\"\":{\"A\":10,\"B\":8,\"C\":6,\"D\":4,\"E\":5,\"F\":0}}',10,'558cb841fb214bd8a86b29438dc57596',1,'2017-07-28 10:17:55','2017-08-09 08:22:32','/imgs/webdata/question/170809162223704.jpg'),('94b068531ac4400cbce02392ca62001a',0,'如果你是一名在大学学过数学的学生，学习过程中老师布置了一道数学难题，没有参考答案，为了解出答案你已经花了1个多小时时间，但还是毫无头绪，此时你会','{\"\":{\"A\":\"果断放弃\",\"B\":\"自己研究几天，如果仍然解不开答案，只好放弃\",\"C\":\"一直研究，不论多久，直到解出答案为止\",\"D\":\"找人请教和讨论，如果仍然得不到答案，再放弃\",\"E\":\"自己研究几天得不到答案，再去请教别人，直到得到答案\",\"F\":\"不确定，大学期间没有学过数学\"}}','{\"\":{\"A\":0,\"B\":4,\"C\":10,\"D\":6,\"E\":8,\"F\":6}}',19,'558cb841fb214bd8a86b29438dc57596',0,'2017-07-28 10:28:37','2017-07-28 06:21:32',NULL),('9a3f080e77224acf8469afc6a3f56ca6',1,'少年时期，哪项描述与你更贴切','{\"0\":{\"A\":\"我总是带领别的男孩子们玩\",\"B\":\"我总是跟随别的男孩子们玩\",\"C\":\"我总是带领女孩子们玩\",\"D\":\"我总是跟随女孩子们玩\",\"E\":\"我总是带领一群男孩、女孩们一起玩\",\"F\":\"我总是跟随一群男孩、女孩们一起玩\",\"G\":\"我喜欢自己玩\"},\"1\":{\"A\":\"我喜欢和男孩子们一起玩，我总是领头的那一个\",\"B\":\"我喜欢和男孩子们一起玩，我不是领头的那一个\",\"C\":\"我喜欢和女孩子们一起玩，而且总是领头的那一个\",\"D\":\"我喜欢和女孩子们一起玩，我不是领头的那一个\",\"E\":\"我喜欢和男孩、女孩们一起玩，我不是领头的那一个\",\"F\":\"我喜欢自己玩\"}}','{\"0\":{\"A\":9,\"B\":5,\"C\":7,\"D\":1,\"E\":10,\"F\":6,\"G\":5},\"1\":{\"A\":10,\"B\":5,\"C\":8,\"D\":2,\"E\":5,\"F\":5}}',9,'558cb841fb214bd8a86b29438dc57596',0,'2017-07-28 10:08:47','2017-07-28 03:09:39',NULL),('a2cb8a551d3244dc962e39cbcb29b90d',1,'假设你正与一位客户谈你的创业计划，你用一种方法去说服他，他不信你，你会','{\"\":{\"A\":\"不在乎，我只找信我的客户\",\"B\":\"试图换一个方法再去说服这位客户\",\"C\":\"找和这位客户关系好的人，让这个人去说服这位客户\",\"D\":\"找和这位客户有关的所有人，尽可能多的让这些人去影响这位客户\"}}','{\"\":{\"A\":10,\"B\":6,\"C\":5,\"D\":2}}',36,'558cb841fb214bd8a86b29438dc57596',1,'2017-07-28 12:52:48','2017-08-09 05:54:46','/imgs/webdata/question/170809135438888.jpg'),('a3cd7dd42cf84ab49c80e605294d33e2',1,'以下工作状态，如果你必须选择一种，你倾向于','{\"\":{\"A\":\"没有假期，常常超负荷工作\",\"B\":\"长期出差，总是飞来飞去\",\"C\":\"人际关系复杂，整天勾心斗角\",\"D\":\"工作简单重复，枯燥乏味\",\"E\":\"时刻准备，专门应对紧急事件\",\"F\":\"陌生领域，需要面对各种未知、全新问题\"}}','{\"\":{\"A\":6,\"B\":8,\"C\":5,\"D\":2,\"E\":7,\"F\":10}}',32,'558cb841fb214bd8a86b29438dc57596',1,'2017-07-28 12:50:19','2017-08-09 05:53:38','/imgs/webdata/question/170809135330762.jpg'),('a4d15a1a2b6e4aa3a257e442a8f0061f',1,'下列书籍或影视作品中，你完整看过3遍以上的题材类型贴近于','{\"\":{\"A\":\"《福尔摩斯》\",\"B\":\"《三国演义》\",\"C\":\"《射雕英雄传》\",\"D\":\"《鹿鼎记》\",\"E\":\"《乔家大院》\",\"F\":\"《三生三世十里桃花》\",\"G\":\"《爱情公寓》\",\"H\":\"《人民的名义》\",\"I\":\"《哈利波特》\",\"J\":\"《电锯惊魂》\",\"K\":\"《兄弟连》\"}}','{\"\":{\"A\":8,\"B\":10,\"C\":5,\"D\":7,\"E\":5,\"F\":1,\"G\":3,\"H\":5,\"I\":7,\"J\":4,\"K\":5}}',2,'558cb841fb214bd8a86b29438dc57596',0,'2017-07-28 09:41:08','2017-07-28 02:42:08',NULL),('a54d97e507e540ae816db17cb1003805',1,'对于做自己感兴趣的事情，你常常','{\"\":{\"A\":\"感到时间不知不觉就溜走了，经常忘记吃饭和睡觉\",\"B\":\"时间久了会感到疲惫，但会坚持每天花同样多的时间在上面\",\"C\":\" 一开始会忘我投入，但慢慢热情就减退了，花时间也就越来越少\",\"D\":\"再怎么感兴趣，我都将保持我一贯的作息规律\",\"E\":\"至今为止我好像没什么事情是感兴趣的\"}}','{\"\":{\"A\":10,\"B\":8,\"C\":3,\"D\":5,\"E\":1}}',11,'558cb841fb214bd8a86b29438dc57596',1,'2017-07-28 10:20:35','2017-08-09 05:46:41','/imgs/webdata/question/170809134633508.jpg'),('a674dbd272db42f8a058e6764ea7f623',0,'你总会从父母、或者老师、或者朋友那里听到这样的批评','{\"\":{\"A\":\"你太缺少常性，不喜欢花较长时间去做一件事情\",\"B\":\"你太缺乏果敢，遇到困难就裹足不前\",\"C\":\"你太缺少耐心，容易冲动和草率行事\",\"D\":\"你太缺少紧迫感，经常把事情拖到最后一刻完成\",\"E\":\"你有某种强迫症，甚至一点瑕疵都不能容忍\",\"F\":\"你太自以为是，而且偏执\"}}','{\"\":{\"A\":1,\"B\":0,\"C\":4,\"D\":6,\"E\":5,\"F\":10}}',6,'558cb841fb214bd8a86b29438dc57596',1,'2017-07-28 10:02:46','2017-08-09 05:45:00','/imgs/webdata/question/170809134452436.jpg'),('ae6952514bc545e5b11353e5d8322ebf',1,'在聚会上，如果只有你一个人穿的不正式，你会','{\"\":{\"A\":\"感到很不自在，想办法早点离开\",\"B\":\"感到有些窘迫，但庆幸自己不是主角，全程保持低调就好了\",\"C\":\"没关系，这对我的心情和行为将没有丝毫影响\",\"D\":\"我就喜欢与众不同，甚至有点兴奋能有这样的事情发生\",\"E\":\"一旦发现立即离开\"}}','{\"\":{\"A\":2,\"B\":3,\"C\":10,\"D\":8,\"E\":5}}',27,'558cb841fb214bd8a86b29438dc57596',1,'2017-07-28 12:45:53','2017-08-09 05:52:03','/imgs/webdata/question/170809135154949.jpg'),('af2d507b79714879b36f234479ae6335',1,'对于各类聚会活动，你的态度接近于','{\"\":{\"A\":\"多多参加，争取成为会王，混个脸熟，万一能认识哪位大咖呢\",\"B\":\"只选对自己可能有帮助的参加\",\"C\":\"创造条件也要参加对自己可能有帮助的聚会活动\",\"D\":\"只选自己有认识人的参加\",\"E\":\"只选自己没有认识人的参加\",\"F\":\"只选自己感兴趣的参加\",\"G\":\"参加一两次见过世面足矣，其他的就不参加了\",\"H\":\"一概不参加\"}}','{\"\":{\"A\":5,\"B\":7,\"C\":10,\"D\":3,\"E\":5,\"F\":5,\"G\":5,\"H\":1}}',26,'558cb841fb214bd8a86b29438dc57596',1,'2017-07-28 12:45:14','2017-08-09 05:51:46','/imgs/webdata/question/170809135137582.jpg'),('afe0944a8e7347cba5be868b601748ca',0,'如果你是一名在大学学过数学的学生，学习过程中老师布置了一道数学难题，没有参考答案，为了解出答案你已经花了1个多小时时间，但还是毫无头绪，此时你会','{\"\":{\"A\":\"果断放弃\",\"B\":\"自己再研究几天，如果仍然解不开答案，只好放弃\",\"C\":\"一直研究，不论多久，直到解出答案为止\",\"D\":\"找人请教和讨论，如果仍然得不到答案，再放弃\",\"E\":\"自己研究几天得不到答案，再去请教别人，直到得到答案\",\"F\":\"不确定，大学期间没有学过数学\"}}','{\"\":{\"A\":0,\"B\":4,\"C\":10,\"D\":6,\"E\":8,\"F\":6}}',19,'558cb841fb214bd8a86b29438dc57596',1,'2017-07-28 13:23:32','2017-08-09 05:49:02','/imgs/webdata/question/170809134855228.jpg'),('bdb3e6a08c6c428d8dad2072b46b4803',1,'如果因为你做了一件错事而有人当面批评你，当时你会','{\"\":{\"A\":\"反过来批评他\",\"B\":\"为自己辩解，没理也能辩三分\",\"C\":\"想办法回避起来\",\"D\":\" 耐心倾听，尤其对中肯的批评，然后给自己做个总结分析\",\"E\":\"听是听了，但是基本左耳听右耳就冒了\",\"F\":\"表面比较无所谓，但是心里很在意，甚至感到有一点难过\",\"G\":\"感到很不好意思，想找个地缝钻进去\"}}','{\"\":{\"A\":10,\"B\":6,\"C\":4,\"D\":7,\"E\":5,\"F\":3,\"G\":2}}',21,'558cb841fb214bd8a86b29438dc57596',1,'2017-07-28 12:40:54','2017-08-09 05:49:43','/imgs/webdata/question/170809134934998.jpg'),('be613030441c4d8e9174f6d77bf2f532',0,'如果你一眼看中一款手机，价格相对昂贵但你能支付得起，这时你会','{\"\":{\"A\":\"立刻购买\",\"B\":\"货比三家之后再购买\",\"C\":\"隔两天再来看看，如果仍然有一眼看中的感觉，再购买\",\"D\":\"多征求几个人的意见，再做决定\",\"E\":\"会一直纠结，需要有人帮我下决心\",\"F\":\"等到降价再购买\",\"G\":\"放弃购买\"}}','{\"\":{\"A\":7,\"B\":10,\"C\":6,\"D\":3,\"E\":0,\"F\":5,\"G\":6}}',24,'558cb841fb214bd8a86b29438dc57596',1,'2017-07-28 12:43:09','2017-08-09 05:50:55','/imgs/webdata/question/170809135047865.jpg'),('bff10ee3bda041b084488dfbf9ecea4f',1,'下列说法，哪项描述与你更贴切','{\"\":{\"A\":\"我总认为对方是善意的\",\"B\":\"我总能从一个人的言谈举止中观察出他/她的个性\",\"C\":\"我总能在与人交谈过程中猜出对方没有直接说出的意图和想法\",\"D\":\"我总能较轻松地拆穿骗局或者谎言\",\"E\":\"我总能比别人更早的发现一些事物的运行规律\",\"F\":\"我更容易发现一篇长文中存在的错别字\",\"G\":\"我在做数学题时极少看错或者漏写正负号、字母、小数点等\",\"H\":\"我总能在打牌的时候猜对其他人会出什么牌\",\"I\":\"我在打牌的时候总猜不出其他人出什么牌\"}}','{\"\":{\"A\":1,\"B\":6,\"C\":7,\"D\":8,\"E\":10,\"F\":4,\"G\":5,\"H\":7,\"I\":3}}',18,'558cb841fb214bd8a86b29438dc57596',1,'2017-07-28 10:27:36','2017-08-09 05:48:47','/imgs/webdata/question/170809134838620.jpg'),('c74d2eeb48834a1f9dd881739d69ab3c',1,'在社交过程中，你结交朋友的第一标准是什么','{\"\":{\"A\":\"看眼缘\",\"B\":\"看颜值\",\"C\":\"看品行\",\"D\":\"看是不是有钱或有权的人\",\"E\":\"看是不是有才华\",\"F\":\"看对我有没有用\",\"G\":\"看是否兴趣相投\",\"H\":\"看是否志同道合\",\"I\":\"看对我是不是主动\"}}','{\"\":{\"A\":6,\"B\":2,\"C\":6,\"D\":5,\"E\":5,\"F\":10,\"G\":4,\"H\":8,\"I\":1}}',29,'558cb841fb214bd8a86b29438dc57596',1,'2017-07-28 12:47:28','2017-08-09 05:52:36','/imgs/webdata/question/170809135228342.jpg'),('c8ee26f37aa648588a2834899e45ce4f',1,'遇到能力比你强的人，你内心的真实感受是','{\"\":{\"A\":\"我一定要让他为我所用\",\"B\":\"取长补短，希望能够和他成为黄金搭档\",\"C\":\"羡慕嫉妒恨，和这样的人共事要格外小心\",\"D\":\"我得想办法压制他\",\"E\":\"最好你走你的阳关道，我走我的独木桥\",\"F\":\"能跟在这样的人后面，我将心悦诚服\"}}','{\"\":{\"A\":10,\"B\":8,\"C\":5,\"D\":4,\"E\":2,\"F\":1}}',23,'558cb841fb214bd8a86b29438dc57596',1,'2017-07-28 12:42:28','2017-08-09 05:50:40','/imgs/webdata/question/170809135032094.jpg'),('d3fa601ead2c470895f45dbea80d6499',1,'你对自己最为骄傲的是','{\"\":{\"A\":\"颜值\",\"B\":\"气质\",\"C\":\"智商\",\"D\":\"情商\",\"E\":\"口才\",\"F\":\"胆量\",\"G\":\"酒量\",\"H\":\"激情\",\"I\":\"目前还没有什么可骄傲的\"}}','{\"\":{\"A\":3,\"B\":5,\"C\":7,\"D\":6,\"E\":9,\"F\":10,\"G\":6,\"H\":8,\"I\":1}}',5,'558cb841fb214bd8a86b29438dc57596',1,'2017-07-28 09:45:48','2017-08-09 05:44:17','/imgs/webdata/question/170809134408887.jpg'),('d8b72a0244cb474e950fa22982edbb91',1,'在保证精神状态良好的情况下，你每天需要多少睡眠时间','{\"\":{\"A\":\"最多4个小时就够了\",\"B\":\"5-6个小时\",\"C\":\" 7-8个小时\",\"D\":\"9-10个小时\",\"E\":\"11个小时以上\"}}','{\"\":{\"A\":6,\"B\":10,\"C\":6,\"D\":4,\"E\":1}}',3,'558cb841fb214bd8a86b29438dc57596',1,'2017-07-28 09:41:48','2017-08-09 05:43:39','/imgs/webdata/question/170809134330970.jpg'),('e39d0341a07145509660e84b50f64879',1,'你对金钱的态度，更接近哪一种','{\"\":{\"A\":\"做一个像比尔・盖茨那样的超级富豪，是我毕生的追求\",\"B\":\"我喜欢各种奢华的东西，我会尽可能地想办法拥有它们\",\"C\":\" 我享受赚钱的快感，但并不在乎自己是不是有钱人\",\"D\":\"我只希望付出能有等价的回报\",\"E\":\"我对金钱没有太多奢求，赚多就多花，赚少就少花\",\"F\":\"相比金钱，我更需要诗和远方\"}}','{\"\":{\"A\":10,\"B\":8,\"C\":5,\"D\":3,\"E\":3,\"F\":1}}',14,'558cb841fb214bd8a86b29438dc57596',1,'2017-07-28 10:24:59','2017-08-09 05:47:39','/imgs/webdata/question/170809134730999.jpg'),('e515da60fe124ec8a1ed9c9344de4788',1,'少年时期，哪项描述与你更贴切','{\"0\":{\"A\":\"我总是带领别的男孩子玩\",\"B\":\"我总是跟随别的男孩子玩\",\"C\":\"我总是带领女孩子们玩\",\"D\":\"我总是跟随女孩子们玩\",\"E\":\"我总是带领男孩、女孩们一起玩\",\"F\":\"我喜欢自己玩\"},\"1\":{\"A\":\"我喜欢和男孩子们一起玩，我总是领头的那一个\",\"B\":\"我喜欢和男孩子们一起玩，我不是领头的那一个\",\"C\":\"我喜欢和女孩子们一起玩，而且总是领头的那一个\",\"D\":\"我喜欢和女孩子们一起玩，我不是领头的那一个\",\"E\":\"我喜欢和男孩、女孩们一起玩，我不是领头的那一个\",\"F\":\"我喜欢自己玩\"}}','{\"0\":{\"A\":10,\"B\":5,\"C\":7,\"D\":1,\"E\":5,\"F\":5},\"1\":{\"A\":10,\"B\":5,\"C\":8,\"D\":2,\"E\":5,\"F\":5}}',9,'558cb841fb214bd8a86b29438dc57596',0,'2017-07-28 10:06:58','2017-07-28 03:06:47',NULL),('ea7e35c243564e95959b65db32fd2cc6',0,'对于下定决心的事，你总是','{\"\":{\"A\":\"即使周围人都反对，我也会坚持去做，并且坚持到底\",\"B\":\"我会想方设法争取支持，但如果最后支持的人寥寥无几，也仍然会全力坚持去做\",\"C\":\"如果反对人数较多就算了\",\"D\":\"如果家人反对我就放弃\",\"E\":\"决定了就去做，我根本不会征求别人的意见\"}}','{\"\":{\"A\":8,\"B\":10,\"C\":3,\"D\":0,\"E\":5}}',12,'558cb841fb214bd8a86b29438dc57596',1,'2017-07-28 10:23:09','2017-08-09 05:46:59','/imgs/webdata/question/170809134651831.jpg'),('f2132cf411cb4f84944931bb4e732e7b',1,'少年时期，哪项描述与你更贴切','{\"0\":{\"A\":\"我总是带领别的男孩子们玩\",\"B\":\"我总是跟随别的男孩子们玩\",\"C\":\"我总是带领女孩子们玩\",\"D\":\"我总是跟随女孩子们玩\",\"E\":\"我总是带领一群男孩、女孩一起玩\",\"F\":\"我总是跟随一群男孩、女孩一起玩\",\"G\":\"我喜欢自己玩\"},\"1\":{\"A\":\"我总是带领别的女孩子们玩\",\"B\":\"我总是跟随别的女孩子们玩\",\"C\":\"我总是带领男孩子们玩\",\"D\":\"我总是跟随男孩子们玩\",\"E\":\"我总是带领一群男孩、女孩一起玩\",\"F\":\"我总是跟随一群男孩、女孩一起玩\",\"G\":\"我喜欢自己玩\"}}','{\"0\":{\"A\":10,\"B\":5,\"C\":7,\"D\":1,\"E\":9,\"F\":3,\"G\":5},\"1\":{\"A\":8,\"B\":2,\"C\":9,\"D\":5,\"E\":10,\"F\":3,\"G\":5}}',9,'558cb841fb214bd8a86b29438dc57596',1,'2017-07-28 10:14:42','2017-08-09 05:45:35','/imgs/webdata/question/170809134527170.jpg'),('f5632286cfdb436e82220ee11d107e6c',1,'下列书籍或影视作品中，你完整看过2遍以上的题材类型贴近于','{\"\":{\"A\":\"《福尔摩斯》\",\"B\":\"《三国演义》\",\"C\":\"《射雕英雄传》\",\"D\":\"《鹿鼎记》\",\"E\":\"《乔家大院》\",\"F\":\"《三生三世十里桃花》\",\"G\":\"《爱情公寓》\",\"H\":\"《人民的名义》\",\"I\":\"《哈利波特》\",\"J\":\"《电锯惊魂》\",\"K\":\"《兄弟连》\"}}','{\"\":{\"A\":8,\"B\":10,\"C\":5,\"D\":7,\"E\":5,\"F\":1,\"G\":3,\"H\":5,\"I\":7,\"J\":4,\"K\":5}}',2,'558cb841fb214bd8a86b29438dc57596',0,'2017-07-28 09:44:08','2017-07-28 08:18:29',NULL),('f7f5610ff224495e9d802c5ab5f92af0',1,'工作之余，你花时间最多的是','{\"\":{\"A\":\"阅读\",\"B\":\"旅行\",\"C\":\"广泛社交\",\"D\":\"和好友吃喝玩乐\",\"E\":\"谈恋爱\",\"F\":\"购物\",\"G\":\"极限运动\",\"H\":\"养生\",\"I\":\"看电影或者看电视剧\",\"J\":\"看娱乐节目\",\"K\":\"打游戏\",\"L\":\"刷微信或刷微博\",\"M\":\"从事第二职业\"}}','{\"\":{\"A\":8,\"B\":6,\"C\":10,\"D\":6,\"E\":5,\"F\":4,\"G\":7,\"H\":3,\"I\":2,\"J\":1,\"K\":3,\"L\":5,\"M\":7}}',4,'558cb841fb214bd8a86b29438dc57596',1,'2017-07-28 09:43:13','2017-08-09 05:44:01','/imgs/webdata/question/170809134350758.jpg'),('fa6a8ff7cdf64dd8afe1e8af25accef6',1,'下列人物中，你觉得自己更像谁','{\"0\":{\"A\":\"谨慎内敛的刘秀\",\"B\":\"足智多谋的诸葛亮\",\"C\":\"执着木讷的郭靖\",\"D\":\"没心没肺的猪八戒\",\"E\":\"机灵讲义气的韦小宝\",\"F\":\"忠肝义胆的关羽\",\"G\":\"至情至性的杨过\",\"H\":\"任劳任怨的沙僧\"},\"1\":{\"A\":\"八面玲珑的王熙凤\",\"B\":\"圆滑世故的薛宝钗\",\"C\":\"多愁善感的林黛玉\",\"D\":\"杀伐决断的武则天\",\"E\":\"古灵精怪的黄蓉\",\"F\":\"善解人意的双儿\",\"G\":\"侠骨柔肠的郭襄\",\"H\":\"狠辣决绝的李莫愁\"}}','{\"0\":{\"A\":10,\"B\":7,\"C\":5,\"D\":1,\"E\":6,\"F\":5,\"G\":6,\"H\":2},\"1\":{\"A\":7,\"B\":4,\"C\":3,\"D\":10,\"E\":7,\"F\":2,\"G\":5,\"H\":7}}',1,'558cb841fb214bd8a86b29438dc57596',0,'2017-07-28 09:38:59','2017-07-28 02:38:31',NULL),('fa901d933d234167874c487ed2fbf8a8',1,'如果有好友邀请你去参加他/她的生日派对，但是任何一位来宾你都不认识，这时你会','{\"\":{\"A\":\"找个合适的理由拒绝参加，也不会送礼物\",\"B\":\"找个合适的理由拒绝参加，但是会邮寄一份礼物\",\"C\":\"愿意早去一会儿帮他/她筹备，等派对快开始的时候找理由离开\",\"D\":\"可能会晚去或者早走\",\"E\":\"按时参加，很乐意借此认识新朋友\",\"F\":\"一定会早去晚走，并且还会成为朋友生日派对的好帮手\"}}','{\"\":{\"A\":0,\"B\":3,\"C\":5,\"D\":6,\"E\":10,\"F\":8}}',28,'558cb841fb214bd8a86b29438dc57596',1,'2017-07-28 12:46:42','2017-08-09 05:52:19','/imgs/webdata/question/170809135212066.jpg'),('fd91e4f3d0fa47409ddd981614a31b4a',1,'如果你和朋友一起去购物，你的朋友对看中的两件商品已经纠结了快半个小时，这时你通常会','{\"\":{\"A\":\"建议他把两件商品都买下来，甚至借钱给他把两件商品都买下来\",\"B\":\"劝他把你认为更适合他的那件商品买下来\",\"C\":\"给他对比分析一下两件商品的优缺点，但不给明确建议\",\"D\":\" 让他继续纠结着，自己先去别处逛逛，等他纠结完再回来\",\"E\":\"让他继续纠结，自己先回家\",\"F\":\"在旁边默默等待\",\"G\":\"让他自己抛硬币决定\"}}','{\"\":{\"A\":8,\"B\":10,\"C\":6,\"D\":4,\"E\":7,\"F\":1,\"G\":6}}',25,'558cb841fb214bd8a86b29438dc57596',1,'2017-07-28 12:43:55','2017-08-09 05:51:14','/imgs/webdata/question/170809135104953.jpg');

/*Table structure for table `ruler` */

DROP TABLE IF EXISTS `ruler`;

CREATE TABLE `ruler` (
  `uid` varchar(36) NOT NULL COMMENT 'uid',
  `type` tinyint(1) NOT NULL COMMENT '评价类型',
  `name` varchar(255) DEFAULT NULL COMMENT '规则名称',
  `rejectmincount` tinyint(1) unsigned DEFAULT '0' COMMENT '一票否决数量最小值(包含此值)',
  `rejectmaxcount` tinyint(1) unsigned DEFAULT '0' COMMENT '一票否决数量最大值(包含此值)',
  `minscore` int(11) DEFAULT NULL COMMENT '分数区间最小值(包含此值)',
  `maxscore` int(11) DEFAULT NULL COMMENT '分数区间最大值(不包含此值)',
  `content` mediumtext COMMENT '得分区间反馈内容',
  `adminuid` varchar(36) DEFAULT NULL COMMENT '操作人uid',
  `isinit` tinyint(1) unsigned NOT NULL DEFAULT '1' COMMENT '状态(0不能删除1可以删除)',
  `status` tinyint(1) unsigned NOT NULL DEFAULT '1' COMMENT '状态(0禁用1启用)',
  `createtime` timestamp NOT NULL DEFAULT '0000-00-00 00:00:00' COMMENT '创建时间',
  `updatetime` timestamp NOT NULL DEFAULT CURRENT_TIMESTAMP ON UPDATE CURRENT_TIMESTAMP COMMENT '最后更新时间',
  PRIMARY KEY (`uid`),
  UNIQUE KEY `uid` (`uid`)
) ENGINE=InnoDB DEFAULT CHARSET=utf8 COMMENT='规则表';

/*Data for the table `ruler` */

insert  into `ruler`(`uid`,`type`,`name`,`rejectmincount`,`rejectmaxcount`,`minscore`,`maxscore`,`content`,`adminuid`,`isinit`,`status`,`createtime`,`updatetime`) values ('10000000000000000000000000000000',0,'不能确定',0,0,0,0,'经过测试，我们发现您身上具有一些神秘的特质，对您是否适合创业不能给出明确判断。但这其实是一个好消息，因为关于创业，您大可以自己做决定，而不必在意别人怎么说。','558cb841fb214bd8a86b29438dc57596',0,1,'2017-07-05 16:07:33','2017-08-03 03:39:53'),('10000000000000000000000000000001',0,'不适合创业',2,4,0,380,'很遗憾，根据本测试的逻辑，我们判断您不适合创业，仅供参考。然而，任何成功人士都是走自己的路，并不在乎别人说什么的。','558cb841fb214bd8a86b29438dc57596',0,1,'2017-06-23 15:28:12','2017-08-03 03:39:24'),('10000000000000000000000000000002',0,'适合创业',0,0,320,380,'恭喜您，经过测试，我们认为您身上拥有弥足珍贵的创业潜质，您可以选择创业。但是影响创业成功的因素有很多，比如选择领域是否正确、自有资金能否筹集和承受、天使投资和风投能否及时到位、经济大环境是否适宜等等，都可能导致您创业失败。真正意义上的创业是非常严肃的决定，建议您三思而后行。','558cb841fb214bd8a86b29438dc57596',0,1,'2017-06-23 15:28:17','2017-08-03 03:38:45'),('10000000000000000000000000000003',0,'不适合创业',0,1,0,259,'很遗憾，根据本测试的逻辑，我们判断您不适合创业，仅供参考。然而，任何成功人士都是走自己的路，并不在乎别人说什么的。','558cb841fb214bd8a86b29438dc57596',0,1,'2017-06-23 15:28:16','2017-08-03 03:39:10');

/*Table structure for table `statistics` */

DROP TABLE IF EXISTS `statistics`;

CREATE TABLE `statistics` (
  `uid` varchar(36) NOT NULL COMMENT 'uid',
  `score` int(11) NOT NULL DEFAULT '0' COMMENT '总得分',
  `ruleruid` mediumtext COMMENT '得分结果反馈内容',
  `data` text COMMENT '记录被调查者回答的题目uid及选项，json格式存储{"questionuid":"A",...}',
  `loginip` varchar(50) DEFAULT '127.0.0.1' COMMENT '登录IP',
  `useruid` varchar(36) DEFAULT NULL COMMENT '用户uid',
  `name` varchar(12) DEFAULT NULL COMMENT '姓名',
  `nickname` varchar(12) DEFAULT NULL COMMENT '昵称',
  `gender` tinyint(1) DEFAULT NULL COMMENT '性别(0男1女)',
  `email` varchar(36) DEFAULT NULL COMMENT '邮箱',
  `phone` varchar(36) DEFAULT NULL COMMENT '手机号码',
  `address` varchar(36) DEFAULT NULL COMMENT '地址',
  `status` tinyint(1) unsigned NOT NULL DEFAULT '1' COMMENT '状态',
  `createtime` timestamp NOT NULL DEFAULT '0000-00-00 00:00:00' COMMENT '开户时间',
  `updatetime` timestamp NOT NULL DEFAULT CURRENT_TIMESTAMP ON UPDATE CURRENT_TIMESTAMP COMMENT '最后更新时间',
  `advice` varchar(500) DEFAULT NULL COMMENT '意见反馈',
  PRIMARY KEY (`uid`),
  UNIQUE KEY `uid` (`uid`)
) ENGINE=InnoDB DEFAULT CHARSET=utf8 COMMENT='调查结果统计表';

/*Data for the table `statistics` */

insert  into `statistics`(`uid`,`score`,`ruleruid`,`data`,`loginip`,`useruid`,`name`,`nickname`,`gender`,`email`,`phone`,`address`,`status`,`createtime`,`updatetime`,`advice`) values ('034c39d267794e84bb7317c8ddef4069',163,'10000000000000000000000000000001','{\"68b8271ad2ae44718e8c31bff4513307\":\"C\",\"74369e9a89a34b3e939f3e0799f315b7\":\"E\",\"d8b72a0244cb474e950fa22982edbb91\":\"A\",\"f7f5610ff224495e9d802c5ab5f92af0\":\"D\",\"d3fa601ead2c470895f45dbea80d6499\":\"I\",\"a674dbd272db42f8a058e6764ea7f623\":\"E\",\"18ada0ed3f454f58900c3db921d831d6\":\"C\",\"496e9f58df2b4fe886babb7de0a96845\":\"E\",\"f2132cf411cb4f84944931bb4e732e7b\":\"F\",\"9161749e51bc4548948ee3ae245a70cd\":\"E\",\"a54d97e507e540ae816db17cb1003805\":\"D\",\"ea7e35c243564e95959b65db32fd2cc6\":\"D\",\"0722602541a54a988da533ba07ee9384\":\"C\",\"e39d0341a07145509660e84b50f64879\":\"E\",\"1b3d83de918b4f68a507a0d0ae03f0c1\":\"E\",\"5808dd17b29f427892f324450bc69c17\":\"E\",\"6a7e9d6a58214726a3ab9966b881749d\":\"E\",\"bff10ee3bda041b084488dfbf9ecea4f\":\"E\",\"afe0944a8e7347cba5be868b601748ca\":\"B\",\"241e20de719e4781ba252f37118b51c3\":\"C\",\"bdb3e6a08c6c428d8dad2072b46b4803\":\"D\",\"875acd195a7545d7b70494daa8055829\":\"D\",\"c8ee26f37aa648588a2834899e45ce4f\":\"E\",\"be613030441c4d8e9174f6d77bf2f532\":\"E\",\"fd91e4f3d0fa47409ddd981614a31b4a\":\"E\",\"af2d507b79714879b36f234479ae6335\":\"F\",\"ae6952514bc545e5b11353e5d8322ebf\":\"D\",\"fa901d933d234167874c487ed2fbf8a8\":\"D\",\"c74d2eeb48834a1f9dd881739d69ab3c\":\"D\",\"20000000000000000000000000000037\":\"D\",\"4ddd5b7cd204449287d69f7f603658b1\":\"E\",\"a3cd7dd42cf84ab49c80e605294d33e2\":\"E\",\"20000000000000000000000000000034\":\"F\",\"6553ee0ab71f45bdaf9588e3d66701b9\":\"E\",\"85bd5f8528be493a912b3b1c8aaffcc0\":\"D\",\"a2cb8a551d3244dc962e39cbcb29b90d\":\"B\",\"89c99d91f3d64ab1bdec8afb93a0cd2e\":\"C\",\"2647f47beb684f9e9e89917d0539c37c\":\"C\"}','192.168.1.166',NULL,'xiaoming',NULL,0,NULL,NULL,NULL,1,'2017-08-08 17:28:10','2017-08-08 09:28:16',NULL),('06a0fc16a76c4a63bb78a127c3e88a95',254,'10000000000000000000000000000001','{\"68b8271ad2ae44718e8c31bff4513307\":\"B\",\"74369e9a89a34b3e939f3e0799f315b7\":\"B\",\"d8b72a0244cb474e950fa22982edbb91\":\"B\",\"f7f5610ff224495e9d802c5ab5f92af0\":\"B\",\"d3fa601ead2c470895f45dbea80d6499\":\"B\",\"a674dbd272db42f8a058e6764ea7f623\":\"B\",\"18ada0ed3f454f58900c3db921d831d6\":\"B\",\"496e9f58df2b4fe886babb7de0a96845\":\"B\",\"f2132cf411cb4f84944931bb4e732e7b\":\"B\",\"9161749e51bc4548948ee3ae245a70cd\":\"B\",\"a54d97e507e540ae816db17cb1003805\":\"B\",\"ea7e35c243564e95959b65db32fd2cc6\":\"B\",\"0722602541a54a988da533ba07ee9384\":\"B\",\"e39d0341a07145509660e84b50f64879\":\"B\",\"1b3d83de918b4f68a507a0d0ae03f0c1\":\"B\",\"5808dd17b29f427892f324450bc69c17\":\"B\",\"6a7e9d6a58214726a3ab9966b881749d\":\"B\",\"bff10ee3bda041b084488dfbf9ecea4f\":\"B\",\"afe0944a8e7347cba5be868b601748ca\":\"A\",\"241e20de719e4781ba252f37118b51c3\":\"B\",\"bdb3e6a08c6c428d8dad2072b46b4803\":\"B\",\"875acd195a7545d7b70494daa8055829\":\"B\",\"c8ee26f37aa648588a2834899e45ce4f\":\"B\",\"be613030441c4d8e9174f6d77bf2f532\":\"B\",\"fd91e4f3d0fa47409ddd981614a31b4a\":\"B\",\"af2d507b79714879b36f234479ae6335\":\"B\",\"ae6952514bc545e5b11353e5d8322ebf\":\"B\",\"fa901d933d234167874c487ed2fbf8a8\":\"B\",\"c74d2eeb48834a1f9dd881739d69ab3c\":\"B\",\"20000000000000000000000000000037\":\"B\",\"4ddd5b7cd204449287d69f7f603658b1\":\"B\",\"a3cd7dd42cf84ab49c80e605294d33e2\":\"B\",\"20000000000000000000000000000034\":\"B\",\"6553ee0ab71f45bdaf9588e3d66701b9\":\"B\",\"85bd5f8528be493a912b3b1c8aaffcc0\":\"B\",\"a2cb8a551d3244dc962e39cbcb29b90d\":\"B\",\"89c99d91f3d64ab1bdec8afb93a0cd2e\":\"B\",\"2647f47beb684f9e9e89917d0539c37c\":\"A\"}','192.168.1.165',NULL,'99',NULL,1,NULL,NULL,NULL,1,'2017-07-31 09:40:24','2017-07-31 02:38:27',NULL),('0b09bdcabb7f452687254700fb43bb5b',205,'10000000000000000000000000000003','{\"68b8271ad2ae44718e8c31bff4513307\":\"E\",\"74369e9a89a34b3e939f3e0799f315b7\":\"D\",\"d8b72a0244cb474e950fa22982edbb91\":\"C\",\"f7f5610ff224495e9d802c5ab5f92af0\":\"C\",\"d3fa601ead2c470895f45dbea80d6499\":\"D\",\"a674dbd272db42f8a058e6764ea7f623\":\"D\",\"18ada0ed3f454f58900c3db921d831d6\":\"C\",\"496e9f58df2b4fe886babb7de0a96845\":\"A\",\"f2132cf411cb4f84944931bb4e732e7b\":\"C\",\"9161749e51bc4548948ee3ae245a70cd\":\"D\",\"a54d97e507e540ae816db17cb1003805\":\"D\",\"ea7e35c243564e95959b65db32fd2cc6\":\"C\",\"0722602541a54a988da533ba07ee9384\":\"D\",\"e39d0341a07145509660e84b50f64879\":\"F\",\"1b3d83de918b4f68a507a0d0ae03f0c1\":\"E\",\"5808dd17b29f427892f324450bc69c17\":\"C\",\"6a7e9d6a58214726a3ab9966b881749d\":\"D\",\"bff10ee3bda041b084488dfbf9ecea4f\":\"B\",\"afe0944a8e7347cba5be868b601748ca\":\"C\",\"241e20de719e4781ba252f37118b51c3\":\"C\",\"bdb3e6a08c6c428d8dad2072b46b4803\":\"D\",\"875acd195a7545d7b70494daa8055829\":\"D\",\"c8ee26f37aa648588a2834899e45ce4f\":\"D\",\"be613030441c4d8e9174f6d77bf2f532\":\"B\",\"fd91e4f3d0fa47409ddd981614a31b4a\":\"C\",\"af2d507b79714879b36f234479ae6335\":\"D\",\"ae6952514bc545e5b11353e5d8322ebf\":\"C\",\"fa901d933d234167874c487ed2fbf8a8\":\"C\",\"c74d2eeb48834a1f9dd881739d69ab3c\":\"D\",\"20000000000000000000000000000037\":\"E\",\"4ddd5b7cd204449287d69f7f603658b1\":\"E\",\"a3cd7dd42cf84ab49c80e605294d33e2\":\"E\",\"20000000000000000000000000000034\":\"E\",\"6553ee0ab71f45bdaf9588e3d66701b9\":\"D\",\"85bd5f8528be493a912b3b1c8aaffcc0\":\"D\",\"a2cb8a551d3244dc962e39cbcb29b90d\":\"D\",\"89c99d91f3d64ab1bdec8afb93a0cd2e\":\"C\",\"2647f47beb684f9e9e89917d0539c37c\":\"B\"}','192.168.1.165',NULL,'哦哦',NULL,1,NULL,NULL,NULL,1,'2017-08-09 14:04:46','2017-08-09 06:04:52',NULL),('13a3688af91a4326b811ccd5f446a085',192,'10000000000000000000000000000001','{\"68b8271ad2ae44718e8c31bff4513307\":\"E\",\"f5632286cfdb436e82220ee11d107e6c\":\"G\",\"d8b72a0244cb474e950fa22982edbb91\":\"C\",\"f7f5610ff224495e9d802c5ab5f92af0\":\"E\",\"d3fa601ead2c470895f45dbea80d6499\":\"G\",\"a674dbd272db42f8a058e6764ea7f623\":\"C\",\"18ada0ed3f454f58900c3db921d831d6\":\"B\",\"496e9f58df2b4fe886babb7de0a96845\":\"D\",\"f2132cf411cb4f84944931bb4e732e7b\":\"F\",\"9161749e51bc4548948ee3ae245a70cd\":\"D\",\"a54d97e507e540ae816db17cb1003805\":\"D\",\"ea7e35c243564e95959b65db32fd2cc6\":\"B\",\"0722602541a54a988da533ba07ee9384\":\"C\",\"e39d0341a07145509660e84b50f64879\":\"D\",\"1b3d83de918b4f68a507a0d0ae03f0c1\":\"D\",\"5808dd17b29f427892f324450bc69c17\":\"C\",\"6a7e9d6a58214726a3ab9966b881749d\":\"D\",\"bff10ee3bda041b084488dfbf9ecea4f\":\"F\",\"afe0944a8e7347cba5be868b601748ca\":\"A\",\"241e20de719e4781ba252f37118b51c3\":\"C\",\"bdb3e6a08c6c428d8dad2072b46b4803\":\"E\",\"875acd195a7545d7b70494daa8055829\":\"E\",\"c8ee26f37aa648588a2834899e45ce4f\":\"D\",\"be613030441c4d8e9174f6d77bf2f532\":\"E\",\"fd91e4f3d0fa47409ddd981614a31b4a\":\"E\",\"af2d507b79714879b36f234479ae6335\":\"C\",\"ae6952514bc545e5b11353e5d8322ebf\":\"C\",\"fa901d933d234167874c487ed2fbf8a8\":\"D\",\"c74d2eeb48834a1f9dd881739d69ab3c\":\"D\",\"20000000000000000000000000000037\":\"F\",\"4ddd5b7cd204449287d69f7f603658b1\":\"B\",\"a3cd7dd42cf84ab49c80e605294d33e2\":\"B\",\"20000000000000000000000000000034\":\"F\",\"6553ee0ab71f45bdaf9588e3d66701b9\":\"C\",\"85bd5f8528be493a912b3b1c8aaffcc0\":\"D\",\"a2cb8a551d3244dc962e39cbcb29b90d\":\"C\",\"89c99d91f3d64ab1bdec8afb93a0cd2e\":\"D\",\"2647f47beb684f9e9e89917d0539c37c\":\"C\"}','192.168.1.127',NULL,'002',NULL,0,NULL,NULL,NULL,1,'2017-07-28 14:28:09','2017-07-28 07:26:09',NULL),('16c76e896e9143269ae5611942a4f625',225,'10000000000000000000000000000003','{\"68b8271ad2ae44718e8c31bff4513307\":\"B\",\"74369e9a89a34b3e939f3e0799f315b7\":\"A\",\"d8b72a0244cb474e950fa22982edbb91\":\"A\",\"f7f5610ff224495e9d802c5ab5f92af0\":\"B\",\"d3fa601ead2c470895f45dbea80d6499\":\"B\",\"a674dbd272db42f8a058e6764ea7f623\":\"A\",\"18ada0ed3f454f58900c3db921d831d6\":\"B\",\"496e9f58df2b4fe886babb7de0a96845\":\"A\",\"f2132cf411cb4f84944931bb4e732e7b\":\"B\",\"9161749e51bc4548948ee3ae245a70cd\":\"B\",\"a54d97e507e540ae816db17cb1003805\":\"B\",\"ea7e35c243564e95959b65db32fd2cc6\":\"B\",\"0722602541a54a988da533ba07ee9384\":\"A\",\"e39d0341a07145509660e84b50f64879\":\"B\",\"1b3d83de918b4f68a507a0d0ae03f0c1\":\"B\",\"5808dd17b29f427892f324450bc69c17\":\"B\",\"6a7e9d6a58214726a3ab9966b881749d\":\"B\",\"bff10ee3bda041b084488dfbf9ecea4f\":\"B\",\"afe0944a8e7347cba5be868b601748ca\":\"D\",\"241e20de719e4781ba252f37118b51c3\":\"E\",\"bdb3e6a08c6c428d8dad2072b46b4803\":\"D\",\"875acd195a7545d7b70494daa8055829\":\"C\",\"c8ee26f37aa648588a2834899e45ce4f\":\"D\",\"be613030441c4d8e9174f6d77bf2f532\":\"C\",\"fd91e4f3d0fa47409ddd981614a31b4a\":\"B\",\"af2d507b79714879b36f234479ae6335\":\"C\",\"ae6952514bc545e5b11353e5d8322ebf\":\"C\",\"fa901d933d234167874c487ed2fbf8a8\":\"C\",\"c74d2eeb48834a1f9dd881739d69ab3c\":\"D\",\"20000000000000000000000000000037\":\"D\",\"4ddd5b7cd204449287d69f7f603658b1\":\"C\",\"a3cd7dd42cf84ab49c80e605294d33e2\":\"D\",\"20000000000000000000000000000034\":\"D\",\"6553ee0ab71f45bdaf9588e3d66701b9\":\"D\",\"85bd5f8528be493a912b3b1c8aaffcc0\":\"D\",\"a2cb8a551d3244dc962e39cbcb29b90d\":\"C\",\"89c99d91f3d64ab1bdec8afb93a0cd2e\":\"C\",\"2647f47beb684f9e9e89917d0539c37c\":\"B\"}','192.168.1.166',NULL,'夏红',NULL,1,NULL,NULL,NULL,1,'2017-08-17 12:15:26','2017-08-17 04:15:42',NULL),('1bbff200d3af42c99fcf31a76ee17faa',198,'10000000000000000000000000000003','{\"68b8271ad2ae44718e8c31bff4513307\":\"E\",\"74369e9a89a34b3e939f3e0799f315b7\":\"I\",\"d8b72a0244cb474e950fa22982edbb91\":\"D\",\"f7f5610ff224495e9d802c5ab5f92af0\":\"H\",\"d3fa601ead2c470895f45dbea80d6499\":\"G\",\"a674dbd272db42f8a058e6764ea7f623\":\"F\",\"18ada0ed3f454f58900c3db921d831d6\":\"C\",\"496e9f58df2b4fe886babb7de0a96845\":\"D\",\"f2132cf411cb4f84944931bb4e732e7b\":\"D\",\"9161749e51bc4548948ee3ae245a70cd\":\"F\",\"a54d97e507e540ae816db17cb1003805\":\"D\",\"ea7e35c243564e95959b65db32fd2cc6\":\"C\",\"0722602541a54a988da533ba07ee9384\":\"D\",\"e39d0341a07145509660e84b50f64879\":\"E\",\"1b3d83de918b4f68a507a0d0ae03f0c1\":\"F\",\"5808dd17b29f427892f324450bc69c17\":\"E\",\"6a7e9d6a58214726a3ab9966b881749d\":\"D\",\"bff10ee3bda041b084488dfbf9ecea4f\":\"F\",\"afe0944a8e7347cba5be868b601748ca\":\"E\",\"241e20de719e4781ba252f37118b51c3\":\"E\",\"bdb3e6a08c6c428d8dad2072b46b4803\":\"D\",\"875acd195a7545d7b70494daa8055829\":\"E\",\"c8ee26f37aa648588a2834899e45ce4f\":\"B\",\"be613030441c4d8e9174f6d77bf2f532\":\"C\",\"fd91e4f3d0fa47409ddd981614a31b4a\":\"B\",\"af2d507b79714879b36f234479ae6335\":\"C\",\"ae6952514bc545e5b11353e5d8322ebf\":\"C\",\"fa901d933d234167874c487ed2fbf8a8\":\"B\",\"c74d2eeb48834a1f9dd881739d69ab3c\":\"D\",\"20000000000000000000000000000037\":\"D\",\"4ddd5b7cd204449287d69f7f603658b1\":\"D\",\"a3cd7dd42cf84ab49c80e605294d33e2\":\"D\",\"20000000000000000000000000000034\":\"D\",\"6553ee0ab71f45bdaf9588e3d66701b9\":\"D\",\"85bd5f8528be493a912b3b1c8aaffcc0\":\"D\",\"a2cb8a551d3244dc962e39cbcb29b90d\":\"C\",\"89c99d91f3d64ab1bdec8afb93a0cd2e\":\"C\",\"2647f47beb684f9e9e89917d0539c37c\":\"C\"}','192.168.1.166',NULL,'小红',NULL,0,NULL,NULL,NULL,1,'2017-08-15 16:54:31','2017-08-15 08:54:44',NULL),('1c7cd6f48c4b475398a3d2d5924ec69f',241,'10000000000000000000000000000003','{\"68b8271ad2ae44718e8c31bff4513307\":\"G\",\"74369e9a89a34b3e939f3e0799f315b7\":\"F\",\"d8b72a0244cb474e950fa22982edbb91\":\"D\",\"f7f5610ff224495e9d802c5ab5f92af0\":\"D\",\"d3fa601ead2c470895f45dbea80d6499\":\"F\",\"a674dbd272db42f8a058e6764ea7f623\":\"E\",\"18ada0ed3f454f58900c3db921d831d6\":\"C\",\"496e9f58df2b4fe886babb7de0a96845\":\"B\",\"f2132cf411cb4f84944931bb4e732e7b\":\"C\",\"9161749e51bc4548948ee3ae245a70cd\":\"C\",\"a54d97e507e540ae816db17cb1003805\":\"C\",\"ea7e35c243564e95959b65db32fd2cc6\":\"B\",\"0722602541a54a988da533ba07ee9384\":\"B\",\"e39d0341a07145509660e84b50f64879\":\"C\",\"1b3d83de918b4f68a507a0d0ae03f0c1\":\"C\",\"5808dd17b29f427892f324450bc69c17\":\"C\",\"6a7e9d6a58214726a3ab9966b881749d\":\"D\",\"bff10ee3bda041b084488dfbf9ecea4f\":\"D\",\"afe0944a8e7347cba5be868b601748ca\":\"C\",\"241e20de719e4781ba252f37118b51c3\":\"C\",\"bdb3e6a08c6c428d8dad2072b46b4803\":\"C\",\"875acd195a7545d7b70494daa8055829\":\"C\",\"c8ee26f37aa648588a2834899e45ce4f\":\"C\",\"be613030441c4d8e9174f6d77bf2f532\":\"C\",\"fd91e4f3d0fa47409ddd981614a31b4a\":\"B\",\"af2d507b79714879b36f234479ae6335\":\"C\",\"ae6952514bc545e5b11353e5d8322ebf\":\"C\",\"fa901d933d234167874c487ed2fbf8a8\":\"B\",\"c74d2eeb48834a1f9dd881739d69ab3c\":\"C\",\"20000000000000000000000000000037\":\"C\",\"4ddd5b7cd204449287d69f7f603658b1\":\"C\",\"a3cd7dd42cf84ab49c80e605294d33e2\":\"C\",\"20000000000000000000000000000034\":\"C\",\"6553ee0ab71f45bdaf9588e3d66701b9\":\"C\",\"85bd5f8528be493a912b3b1c8aaffcc0\":\"C\",\"a2cb8a551d3244dc962e39cbcb29b90d\":\"B\",\"89c99d91f3d64ab1bdec8afb93a0cd2e\":\"B\",\"2647f47beb684f9e9e89917d0539c37c\":\"A\"}','192.168.1.165',NULL,'0000',NULL,1,NULL,NULL,NULL,1,'2017-08-15 13:59:58','2017-08-15 06:00:12',NULL),('28d337efb5114c5aaac0732ead5fc9c4',163,'10000000000000000000000000000001','{\"68b8271ad2ae44718e8c31bff4513307\":\"C\",\"74369e9a89a34b3e939f3e0799f315b7\":\"E\",\"d8b72a0244cb474e950fa22982edbb91\":\"A\",\"f7f5610ff224495e9d802c5ab5f92af0\":\"D\",\"d3fa601ead2c470895f45dbea80d6499\":\"I\",\"a674dbd272db42f8a058e6764ea7f623\":\"E\",\"18ada0ed3f454f58900c3db921d831d6\":\"C\",\"496e9f58df2b4fe886babb7de0a96845\":\"E\",\"f2132cf411cb4f84944931bb4e732e7b\":\"F\",\"9161749e51bc4548948ee3ae245a70cd\":\"E\",\"a54d97e507e540ae816db17cb1003805\":\"D\",\"ea7e35c243564e95959b65db32fd2cc6\":\"D\",\"0722602541a54a988da533ba07ee9384\":\"C\",\"e39d0341a07145509660e84b50f64879\":\"E\",\"1b3d83de918b4f68a507a0d0ae03f0c1\":\"E\",\"5808dd17b29f427892f324450bc69c17\":\"E\",\"6a7e9d6a58214726a3ab9966b881749d\":\"E\",\"bff10ee3bda041b084488dfbf9ecea4f\":\"E\",\"afe0944a8e7347cba5be868b601748ca\":\"B\",\"241e20de719e4781ba252f37118b51c3\":\"C\",\"bdb3e6a08c6c428d8dad2072b46b4803\":\"D\",\"875acd195a7545d7b70494daa8055829\":\"D\",\"c8ee26f37aa648588a2834899e45ce4f\":\"E\",\"be613030441c4d8e9174f6d77bf2f532\":\"E\",\"fd91e4f3d0fa47409ddd981614a31b4a\":\"E\",\"af2d507b79714879b36f234479ae6335\":\"F\",\"ae6952514bc545e5b11353e5d8322ebf\":\"D\",\"fa901d933d234167874c487ed2fbf8a8\":\"D\",\"c74d2eeb48834a1f9dd881739d69ab3c\":\"D\",\"20000000000000000000000000000037\":\"D\",\"4ddd5b7cd204449287d69f7f603658b1\":\"E\",\"a3cd7dd42cf84ab49c80e605294d33e2\":\"E\",\"20000000000000000000000000000034\":\"F\",\"6553ee0ab71f45bdaf9588e3d66701b9\":\"E\",\"85bd5f8528be493a912b3b1c8aaffcc0\":\"D\",\"a2cb8a551d3244dc962e39cbcb29b90d\":\"B\",\"89c99d91f3d64ab1bdec8afb93a0cd2e\":\"C\",\"2647f47beb684f9e9e89917d0539c37c\":\"C\"}','192.168.1.166',NULL,'xiaoming',NULL,0,NULL,NULL,NULL,1,'2017-08-08 17:28:22','2017-08-08 09:28:27',NULL),('2d89fbf1e46847318770c8c1cc8d08b3',235,'10000000000000000000000000000003','{\"68b8271ad2ae44718e8c31bff4513307\":\"C\",\"74369e9a89a34b3e939f3e0799f315b7\":\"G\",\"d8b72a0244cb474e950fa22982edbb91\":\"E\",\"f7f5610ff224495e9d802c5ab5f92af0\":\"G\",\"d3fa601ead2c470895f45dbea80d6499\":\"G\",\"a674dbd272db42f8a058e6764ea7f623\":\"F\",\"18ada0ed3f454f58900c3db921d831d6\":\"C\",\"496e9f58df2b4fe886babb7de0a96845\":\"B\",\"f2132cf411cb4f84944931bb4e732e7b\":\"C\",\"9161749e51bc4548948ee3ae245a70cd\":\"C\",\"a54d97e507e540ae816db17cb1003805\":\"C\",\"ea7e35c243564e95959b65db32fd2cc6\":\"B\",\"0722602541a54a988da533ba07ee9384\":\"B\",\"e39d0341a07145509660e84b50f64879\":\"C\",\"1b3d83de918b4f68a507a0d0ae03f0c1\":\"C\",\"5808dd17b29f427892f324450bc69c17\":\"C\",\"6a7e9d6a58214726a3ab9966b881749d\":\"C\",\"bff10ee3bda041b084488dfbf9ecea4f\":\"C\",\"afe0944a8e7347cba5be868b601748ca\":\"A\",\"241e20de719e4781ba252f37118b51c3\":\"C\",\"bdb3e6a08c6c428d8dad2072b46b4803\":\"C\",\"875acd195a7545d7b70494daa8055829\":\"C\",\"c8ee26f37aa648588a2834899e45ce4f\":\"C\",\"be613030441c4d8e9174f6d77bf2f532\":\"C\",\"fd91e4f3d0fa47409ddd981614a31b4a\":\"B\",\"af2d507b79714879b36f234479ae6335\":\"C\",\"ae6952514bc545e5b11353e5d8322ebf\":\"C\",\"fa901d933d234167874c487ed2fbf8a8\":\"B\",\"c74d2eeb48834a1f9dd881739d69ab3c\":\"C\",\"20000000000000000000000000000037\":\"C\",\"4ddd5b7cd204449287d69f7f603658b1\":\"C\",\"a3cd7dd42cf84ab49c80e605294d33e2\":\"C\",\"20000000000000000000000000000034\":\"C\",\"6553ee0ab71f45bdaf9588e3d66701b9\":\"C\",\"85bd5f8528be493a912b3b1c8aaffcc0\":\"C\",\"a2cb8a551d3244dc962e39cbcb29b90d\":\"B\",\"89c99d91f3d64ab1bdec8afb93a0cd2e\":\"B\",\"2647f47beb684f9e9e89917d0539c37c\":\"A\"}','192.168.1.165',NULL,'5555',NULL,1,NULL,NULL,NULL,1,'2017-08-15 17:44:46','2017-08-15 09:45:00',NULL),('3a05fb4e59a3481db04297bc38fec361',195,'10000000000000000000000000000003','{\"68b8271ad2ae44718e8c31bff4513307\":\"E\",\"74369e9a89a34b3e939f3e0799f315b7\":\"G\",\"d8b72a0244cb474e950fa22982edbb91\":\"E\",\"f7f5610ff224495e9d802c5ab5f92af0\":\"G\",\"d3fa601ead2c470895f45dbea80d6499\":\"H\",\"a674dbd272db42f8a058e6764ea7f623\":\"E\",\"18ada0ed3f454f58900c3db921d831d6\":\"C\",\"496e9f58df2b4fe886babb7de0a96845\":\"E\",\"f2132cf411cb4f84944931bb4e732e7b\":\"E\",\"9161749e51bc4548948ee3ae245a70cd\":\"C\",\"a54d97e507e540ae816db17cb1003805\":\"C\",\"ea7e35c243564e95959b65db32fd2cc6\":\"E\",\"0722602541a54a988da533ba07ee9384\":\"C\",\"e39d0341a07145509660e84b50f64879\":\"C\",\"1b3d83de918b4f68a507a0d0ae03f0c1\":\"E\",\"5808dd17b29f427892f324450bc69c17\":\"E\",\"6a7e9d6a58214726a3ab9966b881749d\":\"E\",\"bff10ee3bda041b084488dfbf9ecea4f\":\"F\",\"afe0944a8e7347cba5be868b601748ca\":\"D\",\"241e20de719e4781ba252f37118b51c3\":\"D\",\"bdb3e6a08c6c428d8dad2072b46b4803\":\"E\",\"875acd195a7545d7b70494daa8055829\":\"D\",\"c8ee26f37aa648588a2834899e45ce4f\":\"F\",\"be613030441c4d8e9174f6d77bf2f532\":\"E\",\"fd91e4f3d0fa47409ddd981614a31b4a\":\"D\",\"af2d507b79714879b36f234479ae6335\":\"G\",\"ae6952514bc545e5b11353e5d8322ebf\":\"D\",\"fa901d933d234167874c487ed2fbf8a8\":\"F\",\"c74d2eeb48834a1f9dd881739d69ab3c\":\"F\",\"20000000000000000000000000000037\":\"F\",\"4ddd5b7cd204449287d69f7f603658b1\":\"D\",\"a3cd7dd42cf84ab49c80e605294d33e2\":\"E\",\"20000000000000000000000000000034\":\"E\",\"6553ee0ab71f45bdaf9588e3d66701b9\":\"C\",\"85bd5f8528be493a912b3b1c8aaffcc0\":\"C\",\"a2cb8a551d3244dc962e39cbcb29b90d\":\"D\",\"89c99d91f3d64ab1bdec8afb93a0cd2e\":\"B\",\"2647f47beb684f9e9e89917d0539c37c\":\"A\"}','192.168.1.127',NULL,'3333',NULL,0,NULL,NULL,NULL,1,'2017-08-15 14:23:02','2017-08-15 06:23:16',NULL),('415c9a6fbdb4409c87833ca6d5ad7194',253,'10000000000000000000000000000003','{\"68b8271ad2ae44718e8c31bff4513307\":\"A\",\"74369e9a89a34b3e939f3e0799f315b7\":\"A\",\"d8b72a0244cb474e950fa22982edbb91\":\"A\",\"f7f5610ff224495e9d802c5ab5f92af0\":\"A\",\"d3fa601ead2c470895f45dbea80d6499\":\"A\",\"a674dbd272db42f8a058e6764ea7f623\":\"A\",\"18ada0ed3f454f58900c3db921d831d6\":\"A\",\"496e9f58df2b4fe886babb7de0a96845\":\"A\",\"f2132cf411cb4f84944931bb4e732e7b\":\"A\",\"9161749e51bc4548948ee3ae245a70cd\":\"A\",\"a54d97e507e540ae816db17cb1003805\":\"A\",\"ea7e35c243564e95959b65db32fd2cc6\":\"A\",\"0722602541a54a988da533ba07ee9384\":\"A\",\"e39d0341a07145509660e84b50f64879\":\"A\",\"1b3d83de918b4f68a507a0d0ae03f0c1\":\"A\",\"5808dd17b29f427892f324450bc69c17\":\"A\",\"6a7e9d6a58214726a3ab9966b881749d\":\"A\",\"bff10ee3bda041b084488dfbf9ecea4f\":\"A\",\"afe0944a8e7347cba5be868b601748ca\":\"A\",\"241e20de719e4781ba252f37118b51c3\":\"A\",\"bdb3e6a08c6c428d8dad2072b46b4803\":\"B\",\"875acd195a7545d7b70494daa8055829\":\"B\",\"c8ee26f37aa648588a2834899e45ce4f\":\"B\",\"be613030441c4d8e9174f6d77bf2f532\":\"B\",\"fd91e4f3d0fa47409ddd981614a31b4a\":\"B\",\"af2d507b79714879b36f234479ae6335\":\"B\",\"ae6952514bc545e5b11353e5d8322ebf\":\"B\",\"fa901d933d234167874c487ed2fbf8a8\":\"B\",\"c74d2eeb48834a1f9dd881739d69ab3c\":\"B\",\"20000000000000000000000000000037\":\"B\",\"4ddd5b7cd204449287d69f7f603658b1\":\"B\",\"a3cd7dd42cf84ab49c80e605294d33e2\":\"B\",\"20000000000000000000000000000034\":\"B\",\"6553ee0ab71f45bdaf9588e3d66701b9\":\"B\",\"85bd5f8528be493a912b3b1c8aaffcc0\":\"B\",\"a2cb8a551d3244dc962e39cbcb29b90d\":\"B\",\"89c99d91f3d64ab1bdec8afb93a0cd2e\":\"B\",\"2647f47beb684f9e9e89917d0539c37c\":\"B\"}','192.168.1.165',NULL,'555',NULL,1,NULL,NULL,NULL,1,'2017-08-11 18:34:40','2017-08-11 10:34:49',NULL),('4558e91de01643d79eb14af5d65fdd8a',248,'10000000000000000000000000000003','{\"68b8271ad2ae44718e8c31bff4513307\":\"B\",\"74369e9a89a34b3e939f3e0799f315b7\":\"B\",\"d8b72a0244cb474e950fa22982edbb91\":\"B\",\"f7f5610ff224495e9d802c5ab5f92af0\":\"B\",\"d3fa601ead2c470895f45dbea80d6499\":\"B\",\"a674dbd272db42f8a058e6764ea7f623\":\"B\",\"18ada0ed3f454f58900c3db921d831d6\":\"B\",\"496e9f58df2b4fe886babb7de0a96845\":\"B\",\"f2132cf411cb4f84944931bb4e732e7b\":\"B\",\"9161749e51bc4548948ee3ae245a70cd\":\"B\",\"a54d97e507e540ae816db17cb1003805\":\"B\",\"ea7e35c243564e95959b65db32fd2cc6\":\"B\",\"0722602541a54a988da533ba07ee9384\":\"B\",\"e39d0341a07145509660e84b50f64879\":\"B\",\"1b3d83de918b4f68a507a0d0ae03f0c1\":\"B\",\"5808dd17b29f427892f324450bc69c17\":\"B\",\"6a7e9d6a58214726a3ab9966b881749d\":\"B\",\"bff10ee3bda041b084488dfbf9ecea4f\":\"B\",\"afe0944a8e7347cba5be868b601748ca\":\"B\",\"241e20de719e4781ba252f37118b51c3\":\"B\",\"bdb3e6a08c6c428d8dad2072b46b4803\":\"B\",\"875acd195a7545d7b70494daa8055829\":\"B\",\"c8ee26f37aa648588a2834899e45ce4f\":\"B\",\"be613030441c4d8e9174f6d77bf2f532\":\"B\",\"fd91e4f3d0fa47409ddd981614a31b4a\":\"C\",\"af2d507b79714879b36f234479ae6335\":\"C\",\"ae6952514bc545e5b11353e5d8322ebf\":\"C\",\"fa901d933d234167874c487ed2fbf8a8\":\"C\",\"c74d2eeb48834a1f9dd881739d69ab3c\":\"C\",\"20000000000000000000000000000037\":\"C\",\"4ddd5b7cd204449287d69f7f603658b1\":\"C\",\"a3cd7dd42cf84ab49c80e605294d33e2\":\"C\",\"20000000000000000000000000000034\":\"C\",\"6553ee0ab71f45bdaf9588e3d66701b9\":\"C\",\"85bd5f8528be493a912b3b1c8aaffcc0\":\"C\",\"a2cb8a551d3244dc962e39cbcb29b90d\":\"C\",\"89c99d91f3d64ab1bdec8afb93a0cd2e\":\"C\",\"2647f47beb684f9e9e89917d0539c37c\":\"B\"}','192.168.1.156',NULL,'11',NULL,1,NULL,NULL,NULL,1,'2017-08-10 14:31:09','2017-08-10 06:31:16',NULL),('503115404e5e4127bdb14678df1099f8',194,'10000000000000000000000000000001','{\"68b8271ad2ae44718e8c31bff4513307\":\"E\",\"74369e9a89a34b3e939f3e0799f315b7\":\"K\",\"d8b72a0244cb474e950fa22982edbb91\":\"E\",\"f7f5610ff224495e9d802c5ab5f92af0\":\"G\",\"d3fa601ead2c470895f45dbea80d6499\":\"H\",\"a674dbd272db42f8a058e6764ea7f623\":\"E\",\"18ada0ed3f454f58900c3db921d831d6\":\"C\",\"496e9f58df2b4fe886babb7de0a96845\":\"E\",\"f2132cf411cb4f84944931bb4e732e7b\":\"E\",\"9161749e51bc4548948ee3ae245a70cd\":\"D\",\"a54d97e507e540ae816db17cb1003805\":\"D\",\"ea7e35c243564e95959b65db32fd2cc6\":\"D\",\"0722602541a54a988da533ba07ee9384\":\"E\",\"e39d0341a07145509660e84b50f64879\":\"D\",\"1b3d83de918b4f68a507a0d0ae03f0c1\":\"D\",\"5808dd17b29f427892f324450bc69c17\":\"E\",\"6a7e9d6a58214726a3ab9966b881749d\":\"D\",\"bff10ee3bda041b084488dfbf9ecea4f\":\"E\",\"afe0944a8e7347cba5be868b601748ca\":\"E\",\"241e20de719e4781ba252f37118b51c3\":\"D\",\"bdb3e6a08c6c428d8dad2072b46b4803\":\"E\",\"875acd195a7545d7b70494daa8055829\":\"D\",\"c8ee26f37aa648588a2834899e45ce4f\":\"E\",\"be613030441c4d8e9174f6d77bf2f532\":\"E\",\"fd91e4f3d0fa47409ddd981614a31b4a\":\"E\",\"af2d507b79714879b36f234479ae6335\":\"F\",\"ae6952514bc545e5b11353e5d8322ebf\":\"D\",\"fa901d933d234167874c487ed2fbf8a8\":\"E\",\"c74d2eeb48834a1f9dd881739d69ab3c\":\"G\",\"20000000000000000000000000000037\":\"E\",\"4ddd5b7cd204449287d69f7f603658b1\":\"E\",\"a3cd7dd42cf84ab49c80e605294d33e2\":\"F\",\"20000000000000000000000000000034\":\"F\",\"6553ee0ab71f45bdaf9588e3d66701b9\":\"D\",\"85bd5f8528be493a912b3b1c8aaffcc0\":\"F\",\"a2cb8a551d3244dc962e39cbcb29b90d\":\"D\",\"89c99d91f3d64ab1bdec8afb93a0cd2e\":\"D\",\"2647f47beb684f9e9e89917d0539c37c\":\"A\"}','192.168.1.127',NULL,'2222',NULL,0,NULL,NULL,NULL,1,'2017-08-09 16:24:13','2017-08-09 08:24:19',NULL),('5193852658c94508a813535ba1796b57',219,'10000000000000000000000000000003','{\"68b8271ad2ae44718e8c31bff4513307\":\"A\",\"74369e9a89a34b3e939f3e0799f315b7\":\"A\",\"d8b72a0244cb474e950fa22982edbb91\":\"C\",\"f7f5610ff224495e9d802c5ab5f92af0\":\"C\",\"d3fa601ead2c470895f45dbea80d6499\":\"C\",\"a674dbd272db42f8a058e6764ea7f623\":\"C\",\"18ada0ed3f454f58900c3db921d831d6\":\"C\",\"496e9f58df2b4fe886babb7de0a96845\":\"C\",\"f2132cf411cb4f84944931bb4e732e7b\":\"C\",\"9161749e51bc4548948ee3ae245a70cd\":\"C\",\"a54d97e507e540ae816db17cb1003805\":\"C\",\"ea7e35c243564e95959b65db32fd2cc6\":\"D\",\"0722602541a54a988da533ba07ee9384\":\"C\",\"e39d0341a07145509660e84b50f64879\":\"C\",\"1b3d83de918b4f68a507a0d0ae03f0c1\":\"C\",\"5808dd17b29f427892f324450bc69c17\":\"C\",\"6a7e9d6a58214726a3ab9966b881749d\":\"C\",\"bff10ee3bda041b084488dfbf9ecea4f\":\"C\",\"afe0944a8e7347cba5be868b601748ca\":\"B\",\"241e20de719e4781ba252f37118b51c3\":\"C\",\"bdb3e6a08c6c428d8dad2072b46b4803\":\"C\",\"875acd195a7545d7b70494daa8055829\":\"C\",\"c8ee26f37aa648588a2834899e45ce4f\":\"C\",\"be613030441c4d8e9174f6d77bf2f532\":\"C\",\"fd91e4f3d0fa47409ddd981614a31b4a\":\"C\",\"af2d507b79714879b36f234479ae6335\":\"C\",\"ae6952514bc545e5b11353e5d8322ebf\":\"C\",\"fa901d933d234167874c487ed2fbf8a8\":\"C\",\"c74d2eeb48834a1f9dd881739d69ab3c\":\"C\",\"20000000000000000000000000000037\":\"C\",\"4ddd5b7cd204449287d69f7f603658b1\":\"C\",\"a3cd7dd42cf84ab49c80e605294d33e2\":\"C\",\"20000000000000000000000000000034\":\"C\",\"6553ee0ab71f45bdaf9588e3d66701b9\":\"C\",\"85bd5f8528be493a912b3b1c8aaffcc0\":\"C\",\"a2cb8a551d3244dc962e39cbcb29b90d\":\"C\",\"89c99d91f3d64ab1bdec8afb93a0cd2e\":\"C\",\"2647f47beb684f9e9e89917d0539c37c\":\"B\"}','192.168.1.166',NULL,'啦啦啦',NULL,0,'cxc@193.com','15764564654',NULL,1,'2017-08-11 17:23:14','2017-08-11 09:23:23','大家好'),('65cfa8a2e66e49c687e3b33d30263a26',232,'10000000000000000000000000000003','{\"68b8271ad2ae44718e8c31bff4513307\":\"A\",\"74369e9a89a34b3e939f3e0799f315b7\":\"G\",\"d8b72a0244cb474e950fa22982edbb91\":\"E\",\"f7f5610ff224495e9d802c5ab5f92af0\":\"E\",\"d3fa601ead2c470895f45dbea80d6499\":\"D\",\"a674dbd272db42f8a058e6764ea7f623\":\"D\",\"18ada0ed3f454f58900c3db921d831d6\":\"C\",\"496e9f58df2b4fe886babb7de0a96845\":\"C\",\"f2132cf411cb4f84944931bb4e732e7b\":\"C\",\"9161749e51bc4548948ee3ae245a70cd\":\"C\",\"a54d97e507e540ae816db17cb1003805\":\"C\",\"ea7e35c243564e95959b65db32fd2cc6\":\"B\",\"0722602541a54a988da533ba07ee9384\":\"B\",\"e39d0341a07145509660e84b50f64879\":\"B\",\"1b3d83de918b4f68a507a0d0ae03f0c1\":\"B\",\"5808dd17b29f427892f324450bc69c17\":\"B\",\"6a7e9d6a58214726a3ab9966b881749d\":\"B\",\"bff10ee3bda041b084488dfbf9ecea4f\":\"B\",\"afe0944a8e7347cba5be868b601748ca\":\"B\",\"241e20de719e4781ba252f37118b51c3\":\"B\",\"bdb3e6a08c6c428d8dad2072b46b4803\":\"B\",\"875acd195a7545d7b70494daa8055829\":\"B\",\"c8ee26f37aa648588a2834899e45ce4f\":\"B\",\"be613030441c4d8e9174f6d77bf2f532\":\"B\",\"fd91e4f3d0fa47409ddd981614a31b4a\":\"B\",\"af2d507b79714879b36f234479ae6335\":\"B\",\"ae6952514bc545e5b11353e5d8322ebf\":\"B\",\"fa901d933d234167874c487ed2fbf8a8\":\"B\",\"c74d2eeb48834a1f9dd881739d69ab3c\":\"B\",\"20000000000000000000000000000037\":\"B\",\"4ddd5b7cd204449287d69f7f603658b1\":\"B\",\"a3cd7dd42cf84ab49c80e605294d33e2\":\"B\",\"20000000000000000000000000000034\":\"B\",\"6553ee0ab71f45bdaf9588e3d66701b9\":\"B\",\"85bd5f8528be493a912b3b1c8aaffcc0\":\"B\",\"a2cb8a551d3244dc962e39cbcb29b90d\":\"B\",\"89c99d91f3d64ab1bdec8afb93a0cd2e\":\"B\",\"2647f47beb684f9e9e89917d0539c37c\":\"B\"}','192.168.1.166',NULL,'阿海',NULL,0,NULL,NULL,NULL,1,'2017-08-09 09:46:00','2017-08-09 01:46:06',NULL),('6779a480df224d978c3affb824e2fa8e',232,'10000000000000000000000000000003','{\"68b8271ad2ae44718e8c31bff4513307\":\"A\",\"74369e9a89a34b3e939f3e0799f315b7\":\"G\",\"d8b72a0244cb474e950fa22982edbb91\":\"E\",\"f7f5610ff224495e9d802c5ab5f92af0\":\"E\",\"d3fa601ead2c470895f45dbea80d6499\":\"D\",\"a674dbd272db42f8a058e6764ea7f623\":\"D\",\"18ada0ed3f454f58900c3db921d831d6\":\"C\",\"496e9f58df2b4fe886babb7de0a96845\":\"C\",\"f2132cf411cb4f84944931bb4e732e7b\":\"C\",\"9161749e51bc4548948ee3ae245a70cd\":\"C\",\"a54d97e507e540ae816db17cb1003805\":\"C\",\"ea7e35c243564e95959b65db32fd2cc6\":\"B\",\"0722602541a54a988da533ba07ee9384\":\"B\",\"e39d0341a07145509660e84b50f64879\":\"B\",\"1b3d83de918b4f68a507a0d0ae03f0c1\":\"B\",\"5808dd17b29f427892f324450bc69c17\":\"B\",\"6a7e9d6a58214726a3ab9966b881749d\":\"B\",\"bff10ee3bda041b084488dfbf9ecea4f\":\"B\",\"afe0944a8e7347cba5be868b601748ca\":\"B\",\"241e20de719e4781ba252f37118b51c3\":\"B\",\"bdb3e6a08c6c428d8dad2072b46b4803\":\"B\",\"875acd195a7545d7b70494daa8055829\":\"B\",\"c8ee26f37aa648588a2834899e45ce4f\":\"B\",\"be613030441c4d8e9174f6d77bf2f532\":\"B\",\"fd91e4f3d0fa47409ddd981614a31b4a\":\"B\",\"af2d507b79714879b36f234479ae6335\":\"B\",\"ae6952514bc545e5b11353e5d8322ebf\":\"B\",\"fa901d933d234167874c487ed2fbf8a8\":\"B\",\"c74d2eeb48834a1f9dd881739d69ab3c\":\"B\",\"20000000000000000000000000000037\":\"B\",\"4ddd5b7cd204449287d69f7f603658b1\":\"B\",\"a3cd7dd42cf84ab49c80e605294d33e2\":\"B\",\"20000000000000000000000000000034\":\"B\",\"6553ee0ab71f45bdaf9588e3d66701b9\":\"B\",\"85bd5f8528be493a912b3b1c8aaffcc0\":\"B\",\"a2cb8a551d3244dc962e39cbcb29b90d\":\"B\",\"89c99d91f3d64ab1bdec8afb93a0cd2e\":\"B\",\"2647f47beb684f9e9e89917d0539c37c\":\"B\"}','192.168.1.166',NULL,'阿海',NULL,0,NULL,NULL,NULL,1,'2017-08-09 09:45:55','2017-08-09 01:46:01',NULL),('678bbbf0ec7140a8aa3a71bbdd9c055c',205,'10000000000000000000000000000003','{\"68b8271ad2ae44718e8c31bff4513307\":\"E\",\"74369e9a89a34b3e939f3e0799f315b7\":\"D\",\"d8b72a0244cb474e950fa22982edbb91\":\"C\",\"f7f5610ff224495e9d802c5ab5f92af0\":\"C\",\"d3fa601ead2c470895f45dbea80d6499\":\"D\",\"a674dbd272db42f8a058e6764ea7f623\":\"D\",\"18ada0ed3f454f58900c3db921d831d6\":\"C\",\"496e9f58df2b4fe886babb7de0a96845\":\"A\",\"f2132cf411cb4f84944931bb4e732e7b\":\"C\",\"9161749e51bc4548948ee3ae245a70cd\":\"D\",\"a54d97e507e540ae816db17cb1003805\":\"D\",\"ea7e35c243564e95959b65db32fd2cc6\":\"C\",\"0722602541a54a988da533ba07ee9384\":\"D\",\"e39d0341a07145509660e84b50f64879\":\"F\",\"1b3d83de918b4f68a507a0d0ae03f0c1\":\"E\",\"5808dd17b29f427892f324450bc69c17\":\"C\",\"6a7e9d6a58214726a3ab9966b881749d\":\"D\",\"bff10ee3bda041b084488dfbf9ecea4f\":\"B\",\"afe0944a8e7347cba5be868b601748ca\":\"C\",\"241e20de719e4781ba252f37118b51c3\":\"C\",\"bdb3e6a08c6c428d8dad2072b46b4803\":\"D\",\"875acd195a7545d7b70494daa8055829\":\"D\",\"c8ee26f37aa648588a2834899e45ce4f\":\"D\",\"be613030441c4d8e9174f6d77bf2f532\":\"B\",\"fd91e4f3d0fa47409ddd981614a31b4a\":\"C\",\"af2d507b79714879b36f234479ae6335\":\"D\",\"ae6952514bc545e5b11353e5d8322ebf\":\"C\",\"fa901d933d234167874c487ed2fbf8a8\":\"C\",\"c74d2eeb48834a1f9dd881739d69ab3c\":\"D\",\"20000000000000000000000000000037\":\"E\",\"4ddd5b7cd204449287d69f7f603658b1\":\"E\",\"a3cd7dd42cf84ab49c80e605294d33e2\":\"E\",\"20000000000000000000000000000034\":\"E\",\"6553ee0ab71f45bdaf9588e3d66701b9\":\"D\",\"85bd5f8528be493a912b3b1c8aaffcc0\":\"D\",\"a2cb8a551d3244dc962e39cbcb29b90d\":\"D\",\"89c99d91f3d64ab1bdec8afb93a0cd2e\":\"C\",\"2647f47beb684f9e9e89917d0539c37c\":\"B\"}','192.168.1.165',NULL,'哦哦',NULL,1,NULL,NULL,NULL,1,'2017-08-09 14:04:54','2017-08-09 06:05:00',NULL),('6b57d65750df43dd812a9ca576e597f0',248,'10000000000000000000000000000003','{\"68b8271ad2ae44718e8c31bff4513307\":\"B\",\"74369e9a89a34b3e939f3e0799f315b7\":\"B\",\"d8b72a0244cb474e950fa22982edbb91\":\"B\",\"f7f5610ff224495e9d802c5ab5f92af0\":\"B\",\"d3fa601ead2c470895f45dbea80d6499\":\"B\",\"a674dbd272db42f8a058e6764ea7f623\":\"B\",\"18ada0ed3f454f58900c3db921d831d6\":\"B\",\"496e9f58df2b4fe886babb7de0a96845\":\"B\",\"f2132cf411cb4f84944931bb4e732e7b\":\"B\",\"9161749e51bc4548948ee3ae245a70cd\":\"B\",\"a54d97e507e540ae816db17cb1003805\":\"B\",\"ea7e35c243564e95959b65db32fd2cc6\":\"B\",\"0722602541a54a988da533ba07ee9384\":\"B\",\"e39d0341a07145509660e84b50f64879\":\"B\",\"1b3d83de918b4f68a507a0d0ae03f0c1\":\"B\",\"5808dd17b29f427892f324450bc69c17\":\"B\",\"6a7e9d6a58214726a3ab9966b881749d\":\"B\",\"bff10ee3bda041b084488dfbf9ecea4f\":\"B\",\"afe0944a8e7347cba5be868b601748ca\":\"B\",\"241e20de719e4781ba252f37118b51c3\":\"B\",\"bdb3e6a08c6c428d8dad2072b46b4803\":\"B\",\"875acd195a7545d7b70494daa8055829\":\"B\",\"c8ee26f37aa648588a2834899e45ce4f\":\"B\",\"be613030441c4d8e9174f6d77bf2f532\":\"B\",\"fd91e4f3d0fa47409ddd981614a31b4a\":\"B\",\"af2d507b79714879b36f234479ae6335\":\"B\",\"ae6952514bc545e5b11353e5d8322ebf\":\"B\",\"fa901d933d234167874c487ed2fbf8a8\":\"B\",\"c74d2eeb48834a1f9dd881739d69ab3c\":\"B\",\"20000000000000000000000000000037\":\"B\",\"4ddd5b7cd204449287d69f7f603658b1\":\"B\",\"a3cd7dd42cf84ab49c80e605294d33e2\":\"B\",\"20000000000000000000000000000034\":\"B\",\"6553ee0ab71f45bdaf9588e3d66701b9\":\"B\",\"85bd5f8528be493a912b3b1c8aaffcc0\":\"B\",\"a2cb8a551d3244dc962e39cbcb29b90d\":\"B\",\"89c99d91f3d64ab1bdec8afb93a0cd2e\":\"B\",\"2647f47beb684f9e9e89917d0539c37c\":\"B\"}','192.168.1.156',NULL,'666',NULL,1,NULL,NULL,NULL,1,'2017-08-09 16:31:14','2017-08-09 08:31:20',NULL),('735ad732e6c74f8589365cfd59ee22d8',68,'10000000000000000000000000000003','{\"68b8271ad2ae44718e8c31bff4513307\":\"G\",\"f5632286cfdb436e82220ee11d107e6c\":\"F\",\"d8b72a0244cb474e950fa22982edbb91\":\"E\",\"f7f5610ff224495e9d802c5ab5f92af0\":\"H\",\"d3fa601ead2c470895f45dbea80d6499\":\"A\",\"a674dbd272db42f8a058e6764ea7f623\":\"B\",\"18ada0ed3f454f58900c3db921d831d6\":\"B\",\"496e9f58df2b4fe886babb7de0a96845\":\"E\",\"f2132cf411cb4f84944931bb4e732e7b\":\"B\",\"9161749e51bc4548948ee3ae245a70cd\":\"F\",\"a54d97e507e540ae816db17cb1003805\":\"E\",\"ea7e35c243564e95959b65db32fd2cc6\":\"C\",\"0722602541a54a988da533ba07ee9384\":\"A\",\"e39d0341a07145509660e84b50f64879\":\"F\",\"1b3d83de918b4f68a507a0d0ae03f0c1\":\"G\",\"5808dd17b29f427892f324450bc69c17\":\"G\",\"6a7e9d6a58214726a3ab9966b881749d\":\"E\",\"bff10ee3bda041b084488dfbf9ecea4f\":\"I\",\"afe0944a8e7347cba5be868b601748ca\":\"F\",\"241e20de719e4781ba252f37118b51c3\":\"C\",\"bdb3e6a08c6c428d8dad2072b46b4803\":\"G\",\"875acd195a7545d7b70494daa8055829\":\"F\",\"c8ee26f37aa648588a2834899e45ce4f\":\"F\",\"be613030441c4d8e9174f6d77bf2f532\":\"F\",\"fd91e4f3d0fa47409ddd981614a31b4a\":\"F\",\"af2d507b79714879b36f234479ae6335\":\"D\",\"ae6952514bc545e5b11353e5d8322ebf\":\"A\",\"fa901d933d234167874c487ed2fbf8a8\":\"A\",\"c74d2eeb48834a1f9dd881739d69ab3c\":\"I\",\"20000000000000000000000000000037\":\"F\",\"4ddd5b7cd204449287d69f7f603658b1\":\"D\",\"a3cd7dd42cf84ab49c80e605294d33e2\":\"D\",\"20000000000000000000000000000034\":\"G\",\"6553ee0ab71f45bdaf9588e3d66701b9\":\"E\",\"85bd5f8528be493a912b3b1c8aaffcc0\":\"F\",\"a2cb8a551d3244dc962e39cbcb29b90d\":\"D\",\"89c99d91f3d64ab1bdec8afb93a0cd2e\":\"C\",\"2647f47beb684f9e9e89917d0539c37c\":\"B\"}','192.168.1.127',NULL,'001',NULL,1,NULL,NULL,NULL,1,'2017-07-28 13:34:49','2017-07-28 06:32:49',NULL),('79b6ff7e1d114698876d434fbd04d154',251,'10000000000000000000000000000003','{\"68b8271ad2ae44718e8c31bff4513307\":\"C\",\"74369e9a89a34b3e939f3e0799f315b7\":\"F\",\"d8b72a0244cb474e950fa22982edbb91\":\"E\",\"f7f5610ff224495e9d802c5ab5f92af0\":\"B\",\"d3fa601ead2c470895f45dbea80d6499\":\"E\",\"a674dbd272db42f8a058e6764ea7f623\":\"F\",\"18ada0ed3f454f58900c3db921d831d6\":\"C\",\"496e9f58df2b4fe886babb7de0a96845\":\"C\",\"f2132cf411cb4f84944931bb4e732e7b\":\"C\",\"9161749e51bc4548948ee3ae245a70cd\":\"A\",\"a54d97e507e540ae816db17cb1003805\":\"C\",\"ea7e35c243564e95959b65db32fd2cc6\":\"B\",\"0722602541a54a988da533ba07ee9384\":\"D\",\"e39d0341a07145509660e84b50f64879\":\"D\",\"1b3d83de918b4f68a507a0d0ae03f0c1\":\"C\",\"5808dd17b29f427892f324450bc69c17\":\"B\",\"6a7e9d6a58214726a3ab9966b881749d\":\"A\",\"bff10ee3bda041b084488dfbf9ecea4f\":\"B\",\"afe0944a8e7347cba5be868b601748ca\":\"A\",\"241e20de719e4781ba252f37118b51c3\":\"D\",\"bdb3e6a08c6c428d8dad2072b46b4803\":\"C\",\"875acd195a7545d7b70494daa8055829\":\"D\",\"c8ee26f37aa648588a2834899e45ce4f\":\"C\",\"be613030441c4d8e9174f6d77bf2f532\":\"A\",\"fd91e4f3d0fa47409ddd981614a31b4a\":\"B\",\"af2d507b79714879b36f234479ae6335\":\"C\",\"ae6952514bc545e5b11353e5d8322ebf\":\"C\",\"fa901d933d234167874c487ed2fbf8a8\":\"D\",\"c74d2eeb48834a1f9dd881739d69ab3c\":\"F\",\"20000000000000000000000000000037\":\"F\",\"4ddd5b7cd204449287d69f7f603658b1\":\"C\",\"a3cd7dd42cf84ab49c80e605294d33e2\":\"C\",\"20000000000000000000000000000034\":\"C\",\"6553ee0ab71f45bdaf9588e3d66701b9\":\"D\",\"85bd5f8528be493a912b3b1c8aaffcc0\":\"C\",\"a2cb8a551d3244dc962e39cbcb29b90d\":\"C\",\"89c99d91f3d64ab1bdec8afb93a0cd2e\":\"B\",\"2647f47beb684f9e9e89917d0539c37c\":\"A\"}','192.168.1.187',NULL,'1111',NULL,1,NULL,NULL,NULL,1,'2017-07-31 15:28:21','2017-07-31 08:26:25',NULL),('7a6fa886846443cbbcfd169ad80cf809',225,'10000000000000000000000000000003','{\"68b8271ad2ae44718e8c31bff4513307\":\"B\",\"74369e9a89a34b3e939f3e0799f315b7\":\"A\",\"d8b72a0244cb474e950fa22982edbb91\":\"A\",\"f7f5610ff224495e9d802c5ab5f92af0\":\"B\",\"d3fa601ead2c470895f45dbea80d6499\":\"B\",\"a674dbd272db42f8a058e6764ea7f623\":\"A\",\"18ada0ed3f454f58900c3db921d831d6\":\"B\",\"496e9f58df2b4fe886babb7de0a96845\":\"A\",\"f2132cf411cb4f84944931bb4e732e7b\":\"B\",\"9161749e51bc4548948ee3ae245a70cd\":\"B\",\"a54d97e507e540ae816db17cb1003805\":\"B\",\"ea7e35c243564e95959b65db32fd2cc6\":\"B\",\"0722602541a54a988da533ba07ee9384\":\"A\",\"e39d0341a07145509660e84b50f64879\":\"B\",\"1b3d83de918b4f68a507a0d0ae03f0c1\":\"B\",\"5808dd17b29f427892f324450bc69c17\":\"B\",\"6a7e9d6a58214726a3ab9966b881749d\":\"B\",\"bff10ee3bda041b084488dfbf9ecea4f\":\"B\",\"afe0944a8e7347cba5be868b601748ca\":\"D\",\"241e20de719e4781ba252f37118b51c3\":\"E\",\"bdb3e6a08c6c428d8dad2072b46b4803\":\"D\",\"875acd195a7545d7b70494daa8055829\":\"C\",\"c8ee26f37aa648588a2834899e45ce4f\":\"D\",\"be613030441c4d8e9174f6d77bf2f532\":\"C\",\"fd91e4f3d0fa47409ddd981614a31b4a\":\"B\",\"af2d507b79714879b36f234479ae6335\":\"C\",\"ae6952514bc545e5b11353e5d8322ebf\":\"C\",\"fa901d933d234167874c487ed2fbf8a8\":\"C\",\"c74d2eeb48834a1f9dd881739d69ab3c\":\"D\",\"20000000000000000000000000000037\":\"D\",\"4ddd5b7cd204449287d69f7f603658b1\":\"C\",\"a3cd7dd42cf84ab49c80e605294d33e2\":\"D\",\"20000000000000000000000000000034\":\"D\",\"6553ee0ab71f45bdaf9588e3d66701b9\":\"D\",\"85bd5f8528be493a912b3b1c8aaffcc0\":\"D\",\"a2cb8a551d3244dc962e39cbcb29b90d\":\"C\",\"89c99d91f3d64ab1bdec8afb93a0cd2e\":\"C\",\"2647f47beb684f9e9e89917d0539c37c\":\"B\"}','192.168.1.166',NULL,'夏红',NULL,1,NULL,NULL,NULL,1,'2017-08-17 12:12:40','2017-08-17 04:12:56',NULL),('9887d95ddac548a8b47e0bfbc922aede',283,'10000000000000000000000000000000','{\"68b8271ad2ae44718e8c31bff4513307\":\"E\",\"74369e9a89a34b3e939f3e0799f315b7\":\"B\",\"d8b72a0244cb474e950fa22982edbb91\":\"C\",\"f7f5610ff224495e9d802c5ab5f92af0\":\"F\",\"d3fa601ead2c470895f45dbea80d6499\":\"C\",\"a674dbd272db42f8a058e6764ea7f623\":\"D\",\"18ada0ed3f454f58900c3db921d831d6\":\"A\",\"496e9f58df2b4fe886babb7de0a96845\":\"D\",\"f2132cf411cb4f84944931bb4e732e7b\":\"D\",\"9161749e51bc4548948ee3ae245a70cd\":\"A\",\"a54d97e507e540ae816db17cb1003805\":\"B\",\"ea7e35c243564e95959b65db32fd2cc6\":\"B\",\"0722602541a54a988da533ba07ee9384\":\"B\",\"e39d0341a07145509660e84b50f64879\":\"C\",\"1b3d83de918b4f68a507a0d0ae03f0c1\":\"D\",\"5808dd17b29f427892f324450bc69c17\":\"F\",\"6a7e9d6a58214726a3ab9966b881749d\":\"A\",\"bff10ee3bda041b084488dfbf9ecea4f\":\"B\",\"afe0944a8e7347cba5be868b601748ca\":\"D\",\"241e20de719e4781ba252f37118b51c3\":\"E\",\"bdb3e6a08c6c428d8dad2072b46b4803\":\"F\",\"875acd195a7545d7b70494daa8055829\":\"B\",\"c8ee26f37aa648588a2834899e45ce4f\":\"C\",\"be613030441c4d8e9174f6d77bf2f532\":\"C\",\"fd91e4f3d0fa47409ddd981614a31b4a\":\"B\",\"af2d507b79714879b36f234479ae6335\":\"C\",\"ae6952514bc545e5b11353e5d8322ebf\":\"C\",\"fa901d933d234167874c487ed2fbf8a8\":\"E\",\"c74d2eeb48834a1f9dd881739d69ab3c\":\"F\",\"20000000000000000000000000000037\":\"B\",\"4ddd5b7cd204449287d69f7f603658b1\":\"C\",\"a3cd7dd42cf84ab49c80e605294d33e2\":\"F\",\"20000000000000000000000000000034\":\"B\",\"6553ee0ab71f45bdaf9588e3d66701b9\":\"B\",\"85bd5f8528be493a912b3b1c8aaffcc0\":\"A\",\"a2cb8a551d3244dc962e39cbcb29b90d\":\"B\",\"89c99d91f3d64ab1bdec8afb93a0cd2e\":\"B\",\"2647f47beb684f9e9e89917d0539c37c\":\"A\"}','192.168.1.127',NULL,'005',NULL,1,NULL,NULL,NULL,1,'2017-08-02 13:01:04','2017-08-02 05:59:11',NULL),('9dd485a6f817463985c534c79f963918',229,'10000000000000000000000000000001','{\"68b8271ad2ae44718e8c31bff4513307\":\"B\",\"74369e9a89a34b3e939f3e0799f315b7\":\"B\",\"d8b72a0244cb474e950fa22982edbb91\":\"B\",\"f7f5610ff224495e9d802c5ab5f92af0\":\"B\",\"d3fa601ead2c470895f45dbea80d6499\":\"B\",\"a674dbd272db42f8a058e6764ea7f623\":\"B\",\"18ada0ed3f454f58900c3db921d831d6\":\"B\",\"496e9f58df2b4fe886babb7de0a96845\":\"A\",\"f2132cf411cb4f84944931bb4e732e7b\":\"B\",\"9161749e51bc4548948ee3ae245a70cd\":\"B\",\"a54d97e507e540ae816db17cb1003805\":\"B\",\"ea7e35c243564e95959b65db32fd2cc6\":\"B\",\"0722602541a54a988da533ba07ee9384\":\"B\",\"e39d0341a07145509660e84b50f64879\":\"C\",\"1b3d83de918b4f68a507a0d0ae03f0c1\":\"C\",\"5808dd17b29f427892f324450bc69c17\":\"C\",\"6a7e9d6a58214726a3ab9966b881749d\":\"C\",\"bff10ee3bda041b084488dfbf9ecea4f\":\"C\",\"afe0944a8e7347cba5be868b601748ca\":\"A\",\"241e20de719e4781ba252f37118b51c3\":\"C\",\"bdb3e6a08c6c428d8dad2072b46b4803\":\"C\",\"875acd195a7545d7b70494daa8055829\":\"C\",\"c8ee26f37aa648588a2834899e45ce4f\":\"C\",\"be613030441c4d8e9174f6d77bf2f532\":\"C\",\"fd91e4f3d0fa47409ddd981614a31b4a\":\"B\",\"af2d507b79714879b36f234479ae6335\":\"C\",\"ae6952514bc545e5b11353e5d8322ebf\":\"C\",\"fa901d933d234167874c487ed2fbf8a8\":\"B\",\"c74d2eeb48834a1f9dd881739d69ab3c\":\"C\",\"20000000000000000000000000000037\":\"C\",\"4ddd5b7cd204449287d69f7f603658b1\":\"C\",\"a3cd7dd42cf84ab49c80e605294d33e2\":\"C\",\"20000000000000000000000000000034\":\"C\",\"6553ee0ab71f45bdaf9588e3d66701b9\":\"C\",\"85bd5f8528be493a912b3b1c8aaffcc0\":\"C\",\"a2cb8a551d3244dc962e39cbcb29b90d\":\"C\",\"89c99d91f3d64ab1bdec8afb93a0cd2e\":\"C\",\"2647f47beb684f9e9e89917d0539c37c\":\"B\"}','192.168.1.166',NULL,'小王',NULL,1,'1321@q13.com','15733230131',NULL,1,'2017-08-17 12:17:11','2017-08-17 04:17:27','13213f5das1f35a1f'),('a55f57d579e34e5383a7bb69f5882875',201,'10000000000000000000000000000003','{\"68b8271ad2ae44718e8c31bff4513307\":\"F\",\"74369e9a89a34b3e939f3e0799f315b7\":\"I\",\"d8b72a0244cb474e950fa22982edbb91\":\"D\",\"f7f5610ff224495e9d802c5ab5f92af0\":\"I\",\"d3fa601ead2c470895f45dbea80d6499\":\"G\",\"a674dbd272db42f8a058e6764ea7f623\":\"D\",\"18ada0ed3f454f58900c3db921d831d6\":\"B\",\"496e9f58df2b4fe886babb7de0a96845\":\"C\",\"f2132cf411cb4f84944931bb4e732e7b\":\"E\",\"9161749e51bc4548948ee3ae245a70cd\":\"E\",\"a54d97e507e540ae816db17cb1003805\":\"E\",\"ea7e35c243564e95959b65db32fd2cc6\":\"D\",\"0722602541a54a988da533ba07ee9384\":\"E\",\"e39d0341a07145509660e84b50f64879\":\"D\",\"1b3d83de918b4f68a507a0d0ae03f0c1\":\"E\",\"5808dd17b29f427892f324450bc69c17\":\"D\",\"6a7e9d6a58214726a3ab9966b881749d\":\"E\",\"bff10ee3bda041b084488dfbf9ecea4f\":\"F\",\"afe0944a8e7347cba5be868b601748ca\":\"D\",\"241e20de719e4781ba252f37118b51c3\":\"E\",\"bdb3e6a08c6c428d8dad2072b46b4803\":\"F\",\"875acd195a7545d7b70494daa8055829\":\"E\",\"c8ee26f37aa648588a2834899e45ce4f\":\"E\",\"be613030441c4d8e9174f6d77bf2f532\":\"D\",\"fd91e4f3d0fa47409ddd981614a31b4a\":\"C\",\"af2d507b79714879b36f234479ae6335\":\"C\",\"ae6952514bc545e5b11353e5d8322ebf\":\"C\",\"fa901d933d234167874c487ed2fbf8a8\":\"C\",\"c74d2eeb48834a1f9dd881739d69ab3c\":\"D\",\"20000000000000000000000000000037\":\"D\",\"4ddd5b7cd204449287d69f7f603658b1\":\"C\",\"a3cd7dd42cf84ab49c80e605294d33e2\":\"E\",\"20000000000000000000000000000034\":\"E\",\"6553ee0ab71f45bdaf9588e3d66701b9\":\"C\",\"85bd5f8528be493a912b3b1c8aaffcc0\":\"C\",\"a2cb8a551d3244dc962e39cbcb29b90d\":\"C\",\"89c99d91f3d64ab1bdec8afb93a0cd2e\":\"C\",\"2647f47beb684f9e9e89917d0539c37c\":\"A\"}','192.168.1.127',NULL,'5555',NULL,1,NULL,NULL,NULL,1,'2017-08-15 18:20:14','2017-08-15 10:20:28','95781646'),('a99737a8aebd45d0a334bf6fbaba3ff7',239,'10000000000000000000000000000003','{\"68b8271ad2ae44718e8c31bff4513307\":\"B\",\"74369e9a89a34b3e939f3e0799f315b7\":\"B\",\"d8b72a0244cb474e950fa22982edbb91\":\"B\",\"f7f5610ff224495e9d802c5ab5f92af0\":\"B\",\"d3fa601ead2c470895f45dbea80d6499\":\"C\",\"a674dbd272db42f8a058e6764ea7f623\":\"B\",\"18ada0ed3f454f58900c3db921d831d6\":\"B\",\"496e9f58df2b4fe886babb7de0a96845\":\"B\",\"f2132cf411cb4f84944931bb4e732e7b\":\"E\",\"9161749e51bc4548948ee3ae245a70cd\":\"A\",\"a54d97e507e540ae816db17cb1003805\":\"B\",\"ea7e35c243564e95959b65db32fd2cc6\":\"C\",\"0722602541a54a988da533ba07ee9384\":\"B\",\"e39d0341a07145509660e84b50f64879\":\"C\",\"1b3d83de918b4f68a507a0d0ae03f0c1\":\"C\",\"5808dd17b29f427892f324450bc69c17\":\"C\",\"6a7e9d6a58214726a3ab9966b881749d\":\"C\",\"bff10ee3bda041b084488dfbf9ecea4f\":\"E\",\"afe0944a8e7347cba5be868b601748ca\":\"B\",\"241e20de719e4781ba252f37118b51c3\":\"C\",\"bdb3e6a08c6c428d8dad2072b46b4803\":\"F\",\"875acd195a7545d7b70494daa8055829\":\"B\",\"c8ee26f37aa648588a2834899e45ce4f\":\"D\",\"be613030441c4d8e9174f6d77bf2f532\":\"C\",\"fd91e4f3d0fa47409ddd981614a31b4a\":\"B\",\"af2d507b79714879b36f234479ae6335\":\"C\",\"ae6952514bc545e5b11353e5d8322ebf\":\"B\",\"fa901d933d234167874c487ed2fbf8a8\":\"B\",\"c74d2eeb48834a1f9dd881739d69ab3c\":\"D\",\"20000000000000000000000000000037\":\"D\",\"4ddd5b7cd204449287d69f7f603658b1\":\"C\",\"a3cd7dd42cf84ab49c80e605294d33e2\":\"C\",\"20000000000000000000000000000034\":\"D\",\"6553ee0ab71f45bdaf9588e3d66701b9\":\"B\",\"85bd5f8528be493a912b3b1c8aaffcc0\":\"C\",\"a2cb8a551d3244dc962e39cbcb29b90d\":\"B\",\"89c99d91f3d64ab1bdec8afb93a0cd2e\":\"B\",\"2647f47beb684f9e9e89917d0539c37c\":\"B\"}','192.168.1.28',NULL,'1111',NULL,0,NULL,NULL,NULL,1,'2017-08-09 15:43:54','2017-08-09 07:44:00',NULL),('b3097f9fcd34491585dd2f27795e38f5',224,'10000000000000000000000000000001','{\"68b8271ad2ae44718e8c31bff4513307\":\"C\",\"f5632286cfdb436e82220ee11d107e6c\":\"F\",\"d8b72a0244cb474e950fa22982edbb91\":\"B\",\"f7f5610ff224495e9d802c5ab5f92af0\":\"C\",\"d3fa601ead2c470895f45dbea80d6499\":\"F\",\"a674dbd272db42f8a058e6764ea7f623\":\"B\",\"18ada0ed3f454f58900c3db921d831d6\":\"C\",\"496e9f58df2b4fe886babb7de0a96845\":\"D\",\"f2132cf411cb4f84944931bb4e732e7b\":\"D\",\"9161749e51bc4548948ee3ae245a70cd\":\"D\",\"a54d97e507e540ae816db17cb1003805\":\"D\",\"ea7e35c243564e95959b65db32fd2cc6\":\"C\",\"0722602541a54a988da533ba07ee9384\":\"E\",\"e39d0341a07145509660e84b50f64879\":\"C\",\"1b3d83de918b4f68a507a0d0ae03f0c1\":\"D\",\"5808dd17b29f427892f324450bc69c17\":\"D\",\"6a7e9d6a58214726a3ab9966b881749d\":\"D\",\"bff10ee3bda041b084488dfbf9ecea4f\":\"E\",\"afe0944a8e7347cba5be868b601748ca\":\"A\",\"241e20de719e4781ba252f37118b51c3\":\"D\",\"bdb3e6a08c6c428d8dad2072b46b4803\":\"D\",\"875acd195a7545d7b70494daa8055829\":\"D\",\"c8ee26f37aa648588a2834899e45ce4f\":\"D\",\"be613030441c4d8e9174f6d77bf2f532\":\"E\",\"fd91e4f3d0fa47409ddd981614a31b4a\":\"E\",\"af2d507b79714879b36f234479ae6335\":\"E\",\"ae6952514bc545e5b11353e5d8322ebf\":\"E\",\"fa901d933d234167874c487ed2fbf8a8\":\"C\",\"c74d2eeb48834a1f9dd881739d69ab3c\":\"F\",\"20000000000000000000000000000037\":\"B\",\"4ddd5b7cd204449287d69f7f603658b1\":\"C\",\"a3cd7dd42cf84ab49c80e605294d33e2\":\"C\",\"20000000000000000000000000000034\":\"F\",\"6553ee0ab71f45bdaf9588e3d66701b9\":\"C\",\"85bd5f8528be493a912b3b1c8aaffcc0\":\"C\",\"a2cb8a551d3244dc962e39cbcb29b90d\":\"C\",\"89c99d91f3d64ab1bdec8afb93a0cd2e\":\"B\",\"2647f47beb684f9e9e89917d0539c37c\":\"A\"}','192.168.1.127',NULL,'003',NULL,1,NULL,NULL,NULL,1,'2017-07-28 14:31:02','2017-07-28 07:29:02',NULL),('c81a9b37b71e40b1b87b11fb5db6852c',369,'10000000000000000000000000000002','{\"68b8271ad2ae44718e8c31bff4513307\":\"A\",\"f5632286cfdb436e82220ee11d107e6c\":\"B\",\"d8b72a0244cb474e950fa22982edbb91\":\"C\",\"f7f5610ff224495e9d802c5ab5f92af0\":\"A\",\"d3fa601ead2c470895f45dbea80d6499\":\"F\",\"a674dbd272db42f8a058e6764ea7f623\":\"F\",\"18ada0ed3f454f58900c3db921d831d6\":\"A\",\"496e9f58df2b4fe886babb7de0a96845\":\"A\",\"f2132cf411cb4f84944931bb4e732e7b\":\"E\",\"9161749e51bc4548948ee3ae245a70cd\":\"A\",\"a54d97e507e540ae816db17cb1003805\":\"A\",\"ea7e35c243564e95959b65db32fd2cc6\":\"B\",\"0722602541a54a988da533ba07ee9384\":\"C\",\"e39d0341a07145509660e84b50f64879\":\"A\",\"1b3d83de918b4f68a507a0d0ae03f0c1\":\"C\",\"5808dd17b29f427892f324450bc69c17\":\"A\",\"6a7e9d6a58214726a3ab9966b881749d\":\"A\",\"bff10ee3bda041b084488dfbf9ecea4f\":\"E\",\"94b068531ac4400cbce02392ca62001a\":\"C\",\"241e20de719e4781ba252f37118b51c3\":\"D\",\"bdb3e6a08c6c428d8dad2072b46b4803\":\"A\",\"875acd195a7545d7b70494daa8055829\":\"A\",\"c8ee26f37aa648588a2834899e45ce4f\":\"A\",\"be613030441c4d8e9174f6d77bf2f532\":\"B\",\"fd91e4f3d0fa47409ddd981614a31b4a\":\"B\",\"af2d507b79714879b36f234479ae6335\":\"C\",\"ae6952514bc545e5b11353e5d8322ebf\":\"C\",\"fa901d933d234167874c487ed2fbf8a8\":\"E\",\"c74d2eeb48834a1f9dd881739d69ab3c\":\"F\",\"20000000000000000000000000000037\":\"B\",\"4ddd5b7cd204449287d69f7f603658b1\":\"A\",\"a3cd7dd42cf84ab49c80e605294d33e2\":\"F\",\"20000000000000000000000000000034\":\"E\",\"6553ee0ab71f45bdaf9588e3d66701b9\":\"A\",\"85bd5f8528be493a912b3b1c8aaffcc0\":\"C\",\"a2cb8a551d3244dc962e39cbcb29b90d\":\"A\",\"89c99d91f3d64ab1bdec8afb93a0cd2e\":\"A\",\"2647f47beb684f9e9e89917d0539c37c\":\"A\"}','192.168.1.127',NULL,'100',NULL,0,NULL,NULL,NULL,1,'2017-07-28 13:30:35','2017-07-28 06:28:35',NULL),('d5eb472237e049bf8919e03fe551cb17',202,'10000000000000000000000000000003','{\"68b8271ad2ae44718e8c31bff4513307\":\"C\",\"74369e9a89a34b3e939f3e0799f315b7\":\"H\",\"d8b72a0244cb474e950fa22982edbb91\":\"D\",\"f7f5610ff224495e9d802c5ab5f92af0\":\"E\",\"d3fa601ead2c470895f45dbea80d6499\":\"C\",\"a674dbd272db42f8a058e6764ea7f623\":\"C\",\"18ada0ed3f454f58900c3db921d831d6\":\"B\",\"496e9f58df2b4fe886babb7de0a96845\":\"C\",\"f2132cf411cb4f84944931bb4e732e7b\":\"E\",\"9161749e51bc4548948ee3ae245a70cd\":\"C\",\"a54d97e507e540ae816db17cb1003805\":\"C\",\"ea7e35c243564e95959b65db32fd2cc6\":\"D\",\"0722602541a54a988da533ba07ee9384\":\"D\",\"e39d0341a07145509660e84b50f64879\":\"D\",\"1b3d83de918b4f68a507a0d0ae03f0c1\":\"E\",\"5808dd17b29f427892f324450bc69c17\":\"E\",\"6a7e9d6a58214726a3ab9966b881749d\":\"C\",\"bff10ee3bda041b084488dfbf9ecea4f\":\"D\",\"afe0944a8e7347cba5be868b601748ca\":\"D\",\"241e20de719e4781ba252f37118b51c3\":\"C\",\"bdb3e6a08c6c428d8dad2072b46b4803\":\"D\",\"875acd195a7545d7b70494daa8055829\":\"D\",\"c8ee26f37aa648588a2834899e45ce4f\":\"D\",\"be613030441c4d8e9174f6d77bf2f532\":\"D\",\"fd91e4f3d0fa47409ddd981614a31b4a\":\"D\",\"af2d507b79714879b36f234479ae6335\":\"D\",\"ae6952514bc545e5b11353e5d8322ebf\":\"D\",\"fa901d933d234167874c487ed2fbf8a8\":\"D\",\"c74d2eeb48834a1f9dd881739d69ab3c\":\"D\",\"20000000000000000000000000000037\":\"D\",\"4ddd5b7cd204449287d69f7f603658b1\":\"D\",\"a3cd7dd42cf84ab49c80e605294d33e2\":\"D\",\"20000000000000000000000000000034\":\"D\",\"6553ee0ab71f45bdaf9588e3d66701b9\":\"B\",\"85bd5f8528be493a912b3b1c8aaffcc0\":\"B\",\"a2cb8a551d3244dc962e39cbcb29b90d\":\"B\",\"89c99d91f3d64ab1bdec8afb93a0cd2e\":\"B\",\"2647f47beb684f9e9e89917d0539c37c\":\"A\"}','192.168.1.156',NULL,'dd',NULL,1,NULL,NULL,NULL,1,'2017-08-10 15:36:34','2017-08-10 07:36:42',NULL),('e023db5f9e814747a6c673fcc9fef018',225,'10000000000000000000000000000003','{\"68b8271ad2ae44718e8c31bff4513307\":\"B\",\"74369e9a89a34b3e939f3e0799f315b7\":\"A\",\"d8b72a0244cb474e950fa22982edbb91\":\"A\",\"f7f5610ff224495e9d802c5ab5f92af0\":\"B\",\"d3fa601ead2c470895f45dbea80d6499\":\"B\",\"a674dbd272db42f8a058e6764ea7f623\":\"A\",\"18ada0ed3f454f58900c3db921d831d6\":\"B\",\"496e9f58df2b4fe886babb7de0a96845\":\"A\",\"f2132cf411cb4f84944931bb4e732e7b\":\"B\",\"9161749e51bc4548948ee3ae245a70cd\":\"B\",\"a54d97e507e540ae816db17cb1003805\":\"B\",\"ea7e35c243564e95959b65db32fd2cc6\":\"B\",\"0722602541a54a988da533ba07ee9384\":\"A\",\"e39d0341a07145509660e84b50f64879\":\"B\",\"1b3d83de918b4f68a507a0d0ae03f0c1\":\"B\",\"5808dd17b29f427892f324450bc69c17\":\"B\",\"6a7e9d6a58214726a3ab9966b881749d\":\"B\",\"bff10ee3bda041b084488dfbf9ecea4f\":\"B\",\"afe0944a8e7347cba5be868b601748ca\":\"D\",\"241e20de719e4781ba252f37118b51c3\":\"E\",\"bdb3e6a08c6c428d8dad2072b46b4803\":\"D\",\"875acd195a7545d7b70494daa8055829\":\"C\",\"c8ee26f37aa648588a2834899e45ce4f\":\"D\",\"be613030441c4d8e9174f6d77bf2f532\":\"C\",\"fd91e4f3d0fa47409ddd981614a31b4a\":\"B\",\"af2d507b79714879b36f234479ae6335\":\"C\",\"ae6952514bc545e5b11353e5d8322ebf\":\"C\",\"fa901d933d234167874c487ed2fbf8a8\":\"C\",\"c74d2eeb48834a1f9dd881739d69ab3c\":\"D\",\"20000000000000000000000000000037\":\"D\",\"4ddd5b7cd204449287d69f7f603658b1\":\"C\",\"a3cd7dd42cf84ab49c80e605294d33e2\":\"D\",\"20000000000000000000000000000034\":\"D\",\"6553ee0ab71f45bdaf9588e3d66701b9\":\"D\",\"85bd5f8528be493a912b3b1c8aaffcc0\":\"D\",\"a2cb8a551d3244dc962e39cbcb29b90d\":\"C\",\"89c99d91f3d64ab1bdec8afb93a0cd2e\":\"C\",\"2647f47beb684f9e9e89917d0539c37c\":\"B\"}','192.168.1.166',NULL,'夏红',NULL,1,NULL,NULL,NULL,1,'2017-08-17 12:16:21','2017-08-17 04:16:37',NULL),('e5cf207a62ae43c9a6a4bbb5dba115a4',267,'10000000000000000000000000000000','{\"68b8271ad2ae44718e8c31bff4513307\":\"F\",\"f5632286cfdb436e82220ee11d107e6c\":\"A\",\"d8b72a0244cb474e950fa22982edbb91\":\"D\",\"f7f5610ff224495e9d802c5ab5f92af0\":\"F\",\"d3fa601ead2c470895f45dbea80d6499\":\"D\",\"a674dbd272db42f8a058e6764ea7f623\":\"D\",\"18ada0ed3f454f58900c3db921d831d6\":\"B\",\"496e9f58df2b4fe886babb7de0a96845\":\"B\",\"f2132cf411cb4f84944931bb4e732e7b\":\"B\",\"9161749e51bc4548948ee3ae245a70cd\":\"C\",\"a54d97e507e540ae816db17cb1003805\":\"A\",\"ea7e35c243564e95959b65db32fd2cc6\":\"B\",\"0722602541a54a988da533ba07ee9384\":\"B\",\"e39d0341a07145509660e84b50f64879\":\"B\",\"1b3d83de918b4f68a507a0d0ae03f0c1\":\"E\",\"5808dd17b29f427892f324450bc69c17\":\"G\",\"6a7e9d6a58214726a3ab9966b881749d\":\"A\",\"bff10ee3bda041b084488dfbf9ecea4f\":\"B\",\"afe0944a8e7347cba5be868b601748ca\":\"D\",\"241e20de719e4781ba252f37118b51c3\":\"E\",\"bdb3e6a08c6c428d8dad2072b46b4803\":\"F\",\"875acd195a7545d7b70494daa8055829\":\"B\",\"c8ee26f37aa648588a2834899e45ce4f\":\"B\",\"be613030441c4d8e9174f6d77bf2f532\":\"B\",\"fd91e4f3d0fa47409ddd981614a31b4a\":\"C\",\"af2d507b79714879b36f234479ae6335\":\"C\",\"ae6952514bc545e5b11353e5d8322ebf\":\"C\",\"fa901d933d234167874c487ed2fbf8a8\":\"E\",\"c74d2eeb48834a1f9dd881739d69ab3c\":\"C\",\"20000000000000000000000000000037\":\"B\",\"4ddd5b7cd204449287d69f7f603658b1\":\"C\",\"a3cd7dd42cf84ab49c80e605294d33e2\":\"F\",\"20000000000000000000000000000034\":\"G\",\"6553ee0ab71f45bdaf9588e3d66701b9\":\"B\",\"85bd5f8528be493a912b3b1c8aaffcc0\":\"B\",\"a2cb8a551d3244dc962e39cbcb29b90d\":\"A\",\"89c99d91f3d64ab1bdec8afb93a0cd2e\":\"A\",\"2647f47beb684f9e9e89917d0539c37c\":\"A\"}','192.168.1.127',NULL,'010',NULL,1,NULL,NULL,NULL,1,'2017-07-28 14:04:46','2017-07-28 07:02:46',NULL),('e7b267a519ee4a0b9076186b482ad667',282,'10000000000000000000000000000000','{\"68b8271ad2ae44718e8c31bff4513307\":\"A\",\"74369e9a89a34b3e939f3e0799f315b7\":\"A\",\"d8b72a0244cb474e950fa22982edbb91\":\"A\",\"f7f5610ff224495e9d802c5ab5f92af0\":\"A\",\"d3fa601ead2c470895f45dbea80d6499\":\"A\",\"a674dbd272db42f8a058e6764ea7f623\":\"A\",\"18ada0ed3f454f58900c3db921d831d6\":\"A\",\"496e9f58df2b4fe886babb7de0a96845\":\"A\",\"f2132cf411cb4f84944931bb4e732e7b\":\"A\",\"9161749e51bc4548948ee3ae245a70cd\":\"A\",\"a54d97e507e540ae816db17cb1003805\":\"A\",\"ea7e35c243564e95959b65db32fd2cc6\":\"A\",\"0722602541a54a988da533ba07ee9384\":\"A\",\"e39d0341a07145509660e84b50f64879\":\"A\",\"1b3d83de918b4f68a507a0d0ae03f0c1\":\"A\",\"5808dd17b29f427892f324450bc69c17\":\"A\",\"6a7e9d6a58214726a3ab9966b881749d\":\"A\",\"bff10ee3bda041b084488dfbf9ecea4f\":\"A\",\"afe0944a8e7347cba5be868b601748ca\":\"C\",\"241e20de719e4781ba252f37118b51c3\":\"B\",\"bdb3e6a08c6c428d8dad2072b46b4803\":\"B\",\"875acd195a7545d7b70494daa8055829\":\"B\",\"c8ee26f37aa648588a2834899e45ce4f\":\"B\",\"be613030441c4d8e9174f6d77bf2f532\":\"B\",\"fd91e4f3d0fa47409ddd981614a31b4a\":\"B\",\"af2d507b79714879b36f234479ae6335\":\"C\",\"ae6952514bc545e5b11353e5d8322ebf\":\"C\",\"fa901d933d234167874c487ed2fbf8a8\":\"B\",\"c74d2eeb48834a1f9dd881739d69ab3c\":\"C\",\"20000000000000000000000000000037\":\"C\",\"4ddd5b7cd204449287d69f7f603658b1\":\"C\",\"a3cd7dd42cf84ab49c80e605294d33e2\":\"C\",\"20000000000000000000000000000034\":\"C\",\"6553ee0ab71f45bdaf9588e3d66701b9\":\"C\",\"85bd5f8528be493a912b3b1c8aaffcc0\":\"C\",\"a2cb8a551d3244dc962e39cbcb29b90d\":\"B\",\"89c99d91f3d64ab1bdec8afb93a0cd2e\":\"B\",\"2647f47beb684f9e9e89917d0539c37c\":\"A\"}','192.168.1.148',NULL,'25',NULL,0,'25842541542@163.com','18547851454',NULL,1,'2017-08-17 12:14:29','2017-08-17 04:14:45','254'),('f7af1bed667f4c86910647fdbef992a1',182,'10000000000000000000000000000003','{\"68b8271ad2ae44718e8c31bff4513307\":\"E\",\"74369e9a89a34b3e939f3e0799f315b7\":\"G\",\"d8b72a0244cb474e950fa22982edbb91\":\"C\",\"f7f5610ff224495e9d802c5ab5f92af0\":\"I\",\"d3fa601ead2c470895f45dbea80d6499\":\"F\",\"a674dbd272db42f8a058e6764ea7f623\":\"E\",\"18ada0ed3f454f58900c3db921d831d6\":\"C\",\"496e9f58df2b4fe886babb7de0a96845\":\"E\",\"f2132cf411cb4f84944931bb4e732e7b\":\"E\",\"9161749e51bc4548948ee3ae245a70cd\":\"C\",\"a54d97e507e540ae816db17cb1003805\":\"C\",\"ea7e35c243564e95959b65db32fd2cc6\":\"E\",\"0722602541a54a988da533ba07ee9384\":\"D\",\"e39d0341a07145509660e84b50f64879\":\"E\",\"1b3d83de918b4f68a507a0d0ae03f0c1\":\"E\",\"5808dd17b29f427892f324450bc69c17\":\"E\",\"6a7e9d6a58214726a3ab9966b881749d\":\"E\",\"bff10ee3bda041b084488dfbf9ecea4f\":\"E\",\"afe0944a8e7347cba5be868b601748ca\":\"D\",\"241e20de719e4781ba252f37118b51c3\":\"C\",\"bdb3e6a08c6c428d8dad2072b46b4803\":\"D\",\"875acd195a7545d7b70494daa8055829\":\"D\",\"c8ee26f37aa648588a2834899e45ce4f\":\"E\",\"be613030441c4d8e9174f6d77bf2f532\":\"C\",\"fd91e4f3d0fa47409ddd981614a31b4a\":\"E\",\"af2d507b79714879b36f234479ae6335\":\"D\",\"ae6952514bc545e5b11353e5d8322ebf\":\"C\",\"fa901d933d234167874c487ed2fbf8a8\":\"D\",\"c74d2eeb48834a1f9dd881739d69ab3c\":\"D\",\"20000000000000000000000000000037\":\"D\",\"4ddd5b7cd204449287d69f7f603658b1\":\"D\",\"a3cd7dd42cf84ab49c80e605294d33e2\":\"D\",\"20000000000000000000000000000034\":\"F\",\"6553ee0ab71f45bdaf9588e3d66701b9\":\"D\",\"85bd5f8528be493a912b3b1c8aaffcc0\":\"D\",\"a2cb8a551d3244dc962e39cbcb29b90d\":\"D\",\"89c99d91f3d64ab1bdec8afb93a0cd2e\":\"D\",\"2647f47beb684f9e9e89917d0539c37c\":\"A\"}','192.168.1.127',NULL,'3333',NULL,1,NULL,NULL,NULL,1,'2017-08-11 16:20:57','2017-08-11 08:21:05',NULL);

/*!40101 SET SQL_MODE=@OLD_SQL_MODE */;
/*!40014 SET FOREIGN_KEY_CHECKS=@OLD_FOREIGN_KEY_CHECKS */;
/*!40014 SET UNIQUE_CHECKS=@OLD_UNIQUE_CHECKS */;
/*!40111 SET SQL_NOTES=@OLD_SQL_NOTES */;
