﻿/*==============================================================*/
/* DBMS name:      MySQL 5.5                                                                 */
/* Created on:     14:48 2016/3/22                                                */
/*==============================================================*/

/*==============================================================*/
/*Author:		chenminchang
Description:	tradedetail表的初始化测试数据
CodeFile:		
*/
INSERT INTO `tradedetail` (`uid`, `useruid`, `tradeeventuid`, `money`, `accountcurr`, `sn`, `orderuid`, `type`, `name`, `site`, `successtime`, `failedtime`, `memo`, `status`, `createtime`, `updatetime`) VALUES
  ('uid00000000000000000000000000000','uid00000000000000000000000000000','交易事件uid','1000.00','2000.00','387aea8c51b54cffaa0df23512','387aea8c51b54cffaa0df23512f3d512','2','扣除挑战费','5','2016-04-13 11:16:40',NULL,NULL,'1','2016-04-12 11:28:53','2016-04-19 11:29:07'),
  ('387aea8c51b54cffaa0df23512f3d513','uid00000000000000000000000000000','testtradeeventuid','2000.00','0.00','387aea8c51b54cffaa0df23513','387aea8c51b54cffaa0df23512f3d513','0','充值','4','2016-04-19 11:34:17',NULL,NULL,'1','2016-04-19 11:34:37','2016-04-19 11:34:42'),
  ('387aea8c51b54cffaa0df23512f3d514','uid00000000000000000000000000000','testtradeeventuid3','666.66','1000.00','387aea8c51b54cffaa0df23514','387aea8c51b54cffaa0df23512f3d514','3','裁判收入','1','2016-04-11 11:37:55',NULL,NULL,'1','2016-04-07 11:38:00','2016-04-19 11:39:03'),
  ('387aea8c51b54cffaa0df23512f3d515','uid00000000000000000000000000000','testtradeeventuid4','100.00','3000.00','387aea8c51b54cffaa0df23515','387aea8c51b54cffaa0df23512f3d515','4','购买视频','2','2016-03-29 11:39:59',NULL,NULL,'1','2016-04-05 11:40:08','2016-04-19 11:40:59'),
  ('387aea8c51b54cffaa0df23512f3d516','uid00000000000000000000000000000','testtradeeventuid3','200.00','2900.00','387aea8c51b54cffaa0df23516','387aea8c51b54cffaa0df23512f3d516','5','购买门票','3','2016-04-01 11:42:00',NULL,NULL,'1','2016-03-29 11:42:04','2016-04-07 11:42:09'),
  ('387aea8c51b54cffaa0df23512f3d517','uid00000000000000000000000000000','testtradeeventuid3','200.00','2500.00','387aea8c51b54cffaa0df23517','387aea8c51b54cffaa0df23512f3d517','6','取消门票','6','2016-04-10 11:43:21',NULL,NULL,'1','2016-04-08 11:43:13','2016-04-21 11:43:16'),
  ('387aea8c51b54cffaa0df23512f3d518','uid00000000000000000000000000000','testtradeeventuid3','200.00','2000.00','387aea8c51b54cffaa0df23518','387aea8c51b54cffaa0df23512f3d518','7','管理员退票','5','2016-04-07 11:44:18',NULL,NULL,'1','2016-04-04 11:44:22','2016-04-14 11:44:28'),
  ('387aea8c51b54cffaa0df23512f3d519','uid00000000000000000000000000000','testtradeeventuid3','500.00','2500.00','387aea8c51b54cffaa0df23519','387aea8c51b54cffaa0df23512f3d519','8','申请答辩','100','2016-04-12 11:47:43',NULL,NULL,'1','2016-04-06 11:47:56','2016-04-18 11:48:35'),
  ('387aea8c51b54cffaa0df23512f3d520','uid00000000000000000000000000000','testtradeeventuid3','500.00','2000.00','387aea8c51b54cffaa0df23522','387aea8c51b54cffaa0df23512f3d520','9','冻结挑战费','5','2016-03-28 11:53:30',NULL,NULL,'1','2016-04-04 11:53:52','2016-04-19 11:59:08'),
  ('387aea8c51b54cffaa0df23512f3d521','uid00000000000000000000000000000','testtradeeventuid3','500.00','1000.00','387aea8c51b54cffaa0df23532','387aea8c51b54cffaa0df23512f3d521','10','解冻挑战费','5','2016-04-13 11:55:48',NULL,NULL,'1','2016-04-08 11:55:52','2016-04-19 11:59:19'),
  ('387aea8c51b54cffaa0df23512f3d522','uid00000000000000000000000000000','testtradeeventuid3','300.00','1900.00','387aea8c51b54cffaa0df23542','387aea8c51b54cffaa0df23512f3d522','11','挑战获胜','5','2016-04-05 11:56:54',NULL,NULL,'1','2016-03-28 11:57:00','2016-04-19 11:59:33'),
  ('387aea8c51b54cffaa0df23512f3d523','uid00000000000000000000000000000','testtradeeventuid3','10000.00','1000.00','387aea8c51b54cffaa0df23552','387aea8c51b54cffaa0df23512f3d523','12','特批增加金额','0','2016-04-05 11:57:49',NULL,NULL,'1','2016-04-02 11:57:56','2016-04-19 12:00:51'),
  ('387aea8c51b54cffaa0df23512f3d524','uid00000000000000000000000000000','testtradeeventuid3','5000.00','4000.00','387aea8c51b54cffaa0df23562','387aea8c51b54cffaa0df23512f3d524','13','特批减少金额','100','2016-04-10 12:01:30',NULL,NULL,'1','2016-04-06 12:01:38','2016-04-18 12:01:44'),
  ('c3d1eecc633243f1b1e8884a0afb85eb','uid00000000000000000000000000000','testtradeeventuid','500.00','1000.00','387aea8c51b54cffaa0df23575','testorderuid','1','视频收入','0','2016-03-23 10:39:31','2016-03-23 10:39:39','交易正常','1','2016-03-24 10:40:11','2016-04-19 11:30:43');

/*Author:		chenminchang
Description:	userinfo表的初始化测试数据
CodeFile:		
*/
INSERT INTO `userinfo` (`uid`, `name`, `nickname`, `showname`, `identityid`, `gender`, `birthday`, `college`, `address`, `qq`, `msn`,  `avatarbig`, `avatar`, `avatarlittle`, `original`, `summary`, `job`, `department`, `company`, `domain`, `honor`, `education`, `work`, `createtime`, `updatetime`) VALUES
  ('uid00000000000000000000000000000','张一','san_ge','张三的哥','363636199909064515','1','2016-03-10','北京体育大学','北京市上地三街','123456789','msn123456',NULL,NULL,NULL,NULL,'程序员(英文Programmer)是从事程序开发、维护的专业人员。一般将程序员分为程序设计人员和程序编码人员，但两者的界限并不非常清楚，特别是在中国。软件从业人员分为初级程序员、高级程序员、系统分析员，系统架构师，测试工程师五大类。','程序员','软件部','supergenius','',NULL,'{\"map\":{\"school\":\"北京上地小学\"}}',NULL,'2016-03-31 10:10:38','2016-03-31 10:16:30');
  
/*Author:		chenminchang
Description:	user表的初始化测试数据
CodeFile:		
*/
INSERT INTO `user` (`oid`, `uid`, `usersn`, `email`, `newemail`, `phone`,`mobile`, `validcode`, `password`, `paypwd`, `resetpwd`, `account`, `freezeaccount`, `totalpay`, `totalincome`, `type`, `channelfrom`, `logincount`, `lastlogintime`, `lastloginip`, `data`, `status`, `createtime`, `updatetime`) VALUES
  ('10', 'uid00000000000000000000000000000','testusersn','123456789@qq.com','987654321@qq.com','010886854','18338384380','9645','53dc5bc8c7c4368073a341ad27bc60ee','69ae6e92f7742c84cac7e7dec2ed262d','007d8aaba38d191ba3588e1dbed315db','99.56','888.60','9999.88','4811.10','1610612737','1','888','2016-09-05 11:29:23','0:0:0:0:0:0:0:1','null','1','2016-03-31 09:29:15','2016-09-05 11:29:23');
  

/*Author:		diaobisong
Description:	订单表的初始化测试数据
CodeFile:		
*/
/*
  
 INSERT INTO `order` (`uid`, `useruid`, `sn`, `name`, `memo`, `money`, `state`, `status`, `createtime`) VALUES
  ('uid00000000000000000000000000001', 'uid00000000000000000000000000000', 'ordersn0000', '测试订单01', '观看视频下单', 10,5, 1, '2016-03-29 19:00:59'),
  ('uid11111111111111111111111111110', 'uid00000000000000000000000000000', 'ordersn1111', '测试订单02', '门票下单', 1,3, 1, '2016-03-29 19:00:59'),
  ('uid22222222222222222222222222222', 'uid00000000000000000000000000000', 'ordersn2222', '测试订单02', '门票下单', 1,3, 1, '2016-03-29 19:00:59'),
  ('uid33333333333333333333333333333', 'uid00000000000000000000000000000', 'ordersn3333', '测试订单01', '观看视频下单', 10,5, 1, '2016-04-13 11:53:59'),
  ('uid44444444444444444444444444444', 'uid00000000000000000000000000000', 'ordersn4444', '测试订单02', '门票下单', 1,2, 1, '2016-04-13 11:53:59'),
  ('uid55555555555555555555555555555', 'uid00000000000000000000000000000', 'ordersn5555', '测试订单01', '观看视频下单', 1,3, 1, '2016-04-13 11:53:59'),
  ('uid66666666666666666666666666666', 'uid00000000000000000000000000000', 'ordersn6666', '测试订单02', '门票下单', 1, 2, 1, '2016-04-13 11:53:59'),
  ('uid77777777777777777777777777777', 'uid00000000000000000000000000000', 'ordersn7777', '测试订单01', '观看视频下单', 1,5, 1, '2016-04-13 11:53:59'),
  ('uid88888888888888888888888888888', 'uid00000000000000000000000000000', 'ordersn8888', '测试订单02', '门票下单', 1, 2, 1, '2016-04-13 11:53:59'),
  ('uid99999999999999999999999999999', 'uid00000000000000000000000000000', 'ordersn9999', '测试订单01', '观看视频下单', 1,5, 1, '2016-04-13 11:53:59'),
  ('uid10000000000000000000000000000', 'uid00000000000000000000000000000', 'ordersn1000', '测试订单02', '门票下单', 1,1, 1, '2016-04-13 11:53:59');

*/
  /*Author:		diaobisong
Description:	订单日志表的初始化测试数据
CodeFile:		
*/
  /*
INSERT INTO `orderlog` (`uid`, `logsn`, `orderuid`, `ordersn`, `useruid`, `name`, `statefrom`, `stateto`, `status`, `createtime`,`updatetime`) VALUES 
  ('uid00000000000000000000000000001', 'logsn0000', 'uid00000000000000000000000000001', 'ordersn0000', 'uid00000000000000000000000000000', '视频订单日志', 2, 3, 1, '2016-03-29 19:00:59','2016-03-31 09:29:18'),
  ('uid11111111111111111111111111110', 'logsn1111', 'uid11111111111111111111111111110', 'ordersn1111', 'uid00000000000000000000000000000', '门票订单日志', 1, 1, 1, '2016-03-29 19:00:59','2016-03-31 09:29:18'),
  ('uid22222222222222222222222222222', 'logsn2222', 'uid22222222222222222222222222222', 'ordersn2222', 'uid00000000000000000000000000000', '门票订单日志', 2, 1, 1, '2016-03-29 19:00:59','2016-03-31 09:29:18'),
  ('uid33333333333333333333333333333', 'logsn3333', 'uid33333333333333333333333333333', 'ordersn3333', 'uid00000000000000000000000000000', '视频订单日志', 2, 3, 1, '2016-04-13 11:53:59','2016-04-16 12:53:59'),
  ('uid44444444444444444444444444444', 'logsn4444', 'uid44444444444444444444444444444', 'ordersn4444', 'uid00000000000000000000000000000', '门票订单日志', 1, 1, 1, '2016-04-13 11:53:59','2016-04-16 12:53:59'),
  ('uid55555555555555555555555555555', 'logsn5555', 'uid55555555555555555555555555555', 'ordersn5555', 'uid00000000000000000000000000000', '视频订单日志', 2, 1, 1, '2016-04-13 11:53:59','2016-04-16 12:53:59'),
  ('uid66666666666666666666666666666', 'logsn6666', 'uid66666666666666666666666666666', 'ordersn6666', 'uid00000000000000000000000000000', '门票订单日志', 2, 3, 1, '2016-04-13 11:53:59','2016-04-16 12:53:59'),
  ('uid77777777777777777777777777777', 'logsn7777', 'uid77777777777777777777777777777', 'ordersn7777', 'uid00000000000000000000000000000', '视频订单日志', 1, 1, 1, '2016-04-13 11:53:59','2016-04-16 12:53:59'),
  ('uid88888888888888888888888888888', 'logsn8888', 'uid88888888888888888888888888888', 'ordersn8888', 'uid00000000000000000000000000000', '门票订单日志', 2, 1, 1, '2016-04-13 11:53:59','2016-04-16 12:53:59'),
  ('uid99999999999999999999999999999', 'logsn9999', 'uid99999999999999999999999999999', 'ordersn9999', 'uid00000000000000000000000000000', '视频订单日志', 2, 1, 1, '2016-04-13 11:53:59','2016-04-16 12:53:59'),
  ('uid10000000000000000000000000000', 'logsn1000', 'uid10000000000000000000000000000', 'ordersn1000', 'uid00000000000000000000000000000', '门票订单日志', 2, 1, 1, '2016-04-13 11:53:59','2016-04-16 12:53:59');
*/
/**
 *Author:		liubin
 *Description:	score表的初始化测试数据
 */  
  INSERT INTO `score` (`uid`, `useruid`, `total`, `type`, `status`, `createtime`, `updatetime`) VALUES 
  ('uid11111111111111111111111111111', 'uid00000000000000000000000000000', 6000, 0, 1, '2016-07-18 15:17:30', '2016-07-18 15:17:40');

/**
 *Author:		liubin
 *Description:	scoredetail表的初始化测试数据
 */
INSERT INTO `scoredetail` (`uid`, `useruid`, `score`, `site`, `refuid`, `type`, `status`, `createtime`, `updatetime`) VALUES 
  ('uid11111111111111111111111111111', 'uid00000000000000000000000000000', 5000, 2, 'uid22222222222222222222222222222', 0, 1, '2016-07-18 15:14:06', '2016-07-18 15:15:06');
  
  /*Author:		chenminchang
Description:	user表的初始化测试数据
CodeFile:		
*/
INSERT INTO `visitor` (`uid`, `loginip`, `createtime`) VALUES
  ('uid00000000000000000000000000000', '192.168.1.100', '2016-09-05 11:29:23');
